id,date,reducing_largest_loss_cost,increasing_system_inertia_cost,voltage_constraints_cost,thermal_constraints_cost,reducing_largest_loss_volume,increasing_system_inertia_volume,voltage_constraints_volume,thermal_constraints_volume,financial_year
276,2022-01-01,7827,1598300,3045681,9488867,13,17014,19462,-69710,2021-2022
277,2022-01-02,0,651412,1469248,7531062,0,14793,14697,-46825,2021-2022
278,2022-01-03,0,274702,1132573,5295988,0,5390,12602,-28360,2021-2022
279,2022-01-04,0,0,308737,12248454,0,0,6785,-46119,2021-2022
280,2022-01-05,0,162646,276616,3256193,0,2014,5710,-14083,2021-2022
281,2022-01-06,0,0,-361,9898304,0,0,852,-34390,2021-2022
282,2022-01-07,0,0,268341,2069147,0,0,5993,-5569,2021-2022
283,2022-01-08,0,49531,360215,2404371,0,476,8984,-8922,2021-2022
284,2022-01-09,0,1003708,1495097,0,0,7280,8776,0,2021-2022
285,2022-01-10,0,0,1554,4600577,0,0,208,-12247,2021-2022
286,2022-01-11,0,0,34936,3326851,0,0,1450,-10816,2021-2022
287,2022-01-12,0,0,1911,12385695,0,0,721,-38072,2021-2022
288,2022-01-13,0,0,9270,6491707,0,0,1800,-26450,2021-2022
289,2022-01-14,0,0,0,133367,0,0,0,-651,2021-2022
290,2022-01-15,0,0,-1831,250927,0,0,200,-294,2021-2022
291,2022-01-16,0,0,46957,5419597,0,0,3870,-18599,2021-2022
292,2022-01-17,0,0,34609,1323533,0,0,868,-5264,2021-2022
293,2022-01-18,0,0,33460,5408057,0,0,1491,-13975,2021-2022
294,2022-01-19,0,0,94854,8540025,0,0,5492,-32915,2021-2022
295,2022-01-20,0,0,0,349665,0,0,0,-1315,2021-2022
296,2022-01-21,0,0,0,1143387,0,0,0,-6138,2021-2022
297,2022-01-22,0,0,0,384553,0,0,0,-1169,2021-2022
298,2022-01-23,0,0,0,2251861,0,0,0,-8065,2021-2022
299,2022-01-24,0,0,0,775164,0,0,0,-2982,2021-2022
300,2022-01-25,0,0,0,14074199,0,0,0,-21976,2021-2022
301,2022-01-26,0,56618,26834,8843451,0,3118,1125,-40923,2021-2022
302,2022-01-27,0,595451,308326,4934024,0,10579,5022,-19053,2021-2022
303,2022-01-28,0,138899,56484,4523248,0,4439,1487,-17585,2021-2022
304,2022-01-29,0,581363,271210,5559528,0,10159,4587,-21170,2021-2022
305,2022-01-30,0,310093,93553,3436890,0,2388,813,-13499,2021-2022
306,2022-01-31,0,1122689,365149,4810100,0,12331,4019,-20382,2021-2022
307,2022-02-01,0,920465,501800,9027870,0,13030,7681,-43930,2021-2022
308,2022-02-02,0,0,239091,832136,0,0,3821,-4076,2021-2022
309,2022-02-03,0,178194,203229,5142836,0,3803,3915,-22704,2021-2022
310,2022-02-04,0,676780,169413,3796971,0,11700,3490,-15375,2021-2022
311,2022-02-05,1123,814261,355200,11108014,-10,14940,6352,-52333,2021-2022
312,2022-02-06,24817,1929808,1020967,6194665,514,17295,8580,-26868,2021-2022
313,2022-02-07,0,262272,207994,4317268,0,5987,3696,-18434,2021-2022
314,2022-02-08,0,1160684,745928,5353770,0,10028,5586,-29395,2021-2022
315,2022-02-09,0,695282,566150,5709353,0,8461,6632,-27408,2021-2022
316,2022-02-10,0,0,119168,2774457,0,0,4323,-10608,2021-2022
317,2022-02-11,0,203724,111806,3024960,0,2558,2208,-18334,2021-2022
318,2022-02-12,0,1652182,705029,5982831,0,19841,7399,-31421,2021-2022
319,2022-02-13,0,1277296,555335,657569,0,19502,7495,-2971,2021-2022
320,2022-02-14,0,279622,493877,34350,0,2789,6294,-183,2021-2022
321,2022-02-15,0,122134,265679,3123274,0,1599,4873,-12366,2021-2022
322,2022-02-16,0,1048474,1222100,580976,0,8819,9549,-1006,2021-2022
323,2022-02-17,0,1184356,702562,3412283,0,8711,7596,-14972,2021-2022
324,2022-02-18,0,281799,601181,0,0,3971,8665,0,2021-2022
325,2022-02-19,0,1249698,1187284,1337199,0,11268,8847,-4710,2021-2022
326,2022-02-20,0,600221,529976,15225972,0,14825,9199,-59980,2021-2022
327,2022-02-21,0,442112,321147,4457883,0,9644,6078,-14813,2021-2022
328,2022-02-22,0,137416,305619,12165113,0,2134,11126,-52466,2021-2022
329,2022-02-23,0,815798,201757,14788966,0,14135,6012,-62035,2021-2022
330,2022-02-24,0,480468,241770,9866943,0,13207,6601,-33566,2021-2022
331,2022-02-25,0,935972,530615,4538890,0,8303,4129,-19734,2021-2022
332,2022-02-26,0,0,55162,12305634,0,425,3307,-49433,2021-2022
333,2022-02-27,0,507513,603178,8319346,0,6669,7312,-35791,2021-2022
334,2022-02-28,0,0,61921,9396322,0,0,4694,-42863,2021-2022
335,2022-03-01,0,0,16754,2040916,0,0,2521,-7900,2021-2022
336,2022-03-02,0,0,216979,10760140,0,0,3021,-30547,2021-2022
337,2022-03-03,0,0,4570,8311436,0,0,1969,-20735,2021-2022
338,2022-03-04,0,0,70228,301576,0,0,2000,-195,2021-2022
339,2022-03-05,0,0,101134,9378,0,0,1360,-93,2021-2022
340,2022-03-06,0,0,245183,0,0,0,1530,0,2021-2022
341,2022-03-07,0,3536,190947,2719976,0,411,1783,-7197,2021-2022
342,2022-03-08,0,68577,660334,17494380,0,1907,5809,-38980,2021-2022
343,2022-03-09,0,948754,633367,15486033,0,7028,5945,-40827,2021-2022
344,2022-03-10,0,126292,253466,7144068,0,2217,5886,-31953,2021-2022
345,2022-03-11,0,878529,922245,8246807,0,7633,7515,-25899,2021-2022
346,2022-03-12,0,0,1772624,8010437,0,0,10133,-21764,2021-2022
347,2022-03-13,0,1750669,2004059,11017393,0,16284,11627,-37245,2021-2022
348,2022-03-14,0,0,147099,3018,0,0,1818,-153,2021-2022
349,2022-03-15,0,0,78132,5145104,0,0,878,-21751,2021-2022
350,2022-03-16,0,0,33285,72310,0,0,1197,-474,2021-2022
351,2022-03-17,0,0,233206,5823100,0,0,3640,-25723,2021-2022
352,2022-03-18,0,97151,199755,3360332,0,847,1966,-17292,2021-2022
353,2022-03-19,0,3084992,2291940,2422606,0,17025,11263,-8722,2021-2022
354,2022-03-20,0,1031711,1125971,4797583,0,10202,11503,-17876,2021-2022
355,2022-03-21,0,0,23609,17580,0,0,1560,-333,2021-2022
356,2022-03-22,0,0,39889,10983,0,0,2624,1487,2021-2022
357,2022-03-23,0,0,-5114,0,0,0,975,0,2021-2022
358,2022-03-24,0,0,-504,28426,0,0,180,-280,2021-2022
359,2022-03-25,0,0,43922,0,0,0,1260,0,2021-2022
360,2022-03-26,0,0,0,0,0,0,0,0,2021-2022
361,2022-03-27,0,0,0,0,0,0,0,0,2021-2022
362,2022-03-28,0,0,0,15100,0,0,0,209,2021-2022
363,2022-03-29,0,0,260,52740,0,0,230,-410,2021-2022
364,2022-03-30,0,0,7245,1531224,0,0,1380,-4640,2021-2022
365,2022-03-31,0,0,10004,22155,0,0,1265,-59,2021-2022
1,2022-04-01,0,0,0,0,0,0,0,0,2022-2023
2,2022-04-02,0,0,0,0,0,0,0,0,2022-2023
3,2022-04-03,0,37109,4241,5019014,0,1750,690,-10037,2022-2023
4,2022-04-04,0,578206,164451,10823754,0,11522,4639,-36364,2022-2023
5,2022-04-05,0,234290,174371,4059710,0,4486,5623,-13870,2022-2023
6,2022-04-06,58774,1385053,380875,5074462,680,13947,4633,-19344,2022-2023
7,2022-04-07,30827,3160289,214410,5462664,1100,16088,4964,-19958,2022-2023
8,2022-04-08,0,232934,263191,3964280,0,4272,3687,-14215,2022-2023
9,2022-04-09,0,0,783663,1408316,0,0,6868,-6061,2022-2023
10,2022-04-10,0,0,43609,0,0,0,695,0,2022-2023
11,2022-04-11,0,600,330439,5107773,0,145,5201,-18904,2022-2023
12,2022-04-12,0,19679,565724,3337546,0,403,6614,-14451,2022-2023
13,2022-04-13,0,0,0,581725,0,0,0,-3941,2022-2023
14,2022-04-14,0,0,0,153296,0,0,0,-866,2022-2023
15,2022-04-15,0,0,22163,0,0,0,273,0,2022-2023
16,2022-04-16,0,0,501512,307710,0,0,6759,-275,2022-2023
17,2022-04-17,0,3211,384120,111562,0,304,8361,-589,2022-2023
18,2022-04-18,0,0,149630,2308850,0,0,4910,-13161,2022-2023
19,2022-04-19,0,0,0,1713381,0,0,0,-9635,2022-2023
20,2022-04-20,0,0,0,733573,0,0,0,-4146,2022-2023
21,2022-04-21,0,0,68699,536165,0,0,741,-3918,2022-2023
22,2022-04-22,0,10745,236351,68075,0,426,7184,-579,2022-2023
23,2022-04-23,0,2325703,766909,152681,0,28836,13430,-109,2022-2023
24,2022-04-24,0,2316191,2884665,86997,0,16703,23940,-212,2022-2023
25,2022-04-25,0,0,30927,0,0,0,1211,0,2022-2023
26,2022-04-26,0,0,0,0,0,0,0,0,2022-2023
27,2022-04-27,0,0,0,0,0,0,0,0,2022-2023
28,2022-04-28,0,0,0,93739,0,0,0,770,2022-2023
29,2022-04-29,0,0,0,0,0,0,0,0,2022-2023
30,2022-04-30,0,0,0,118332,0,0,0,-577,2022-2023
31,2022-05-01,0,0,0,163275,0,0,0,-1122,2022-2023
32,2022-05-02,0,0,0,100956,0,0,0,-380,2022-2023
33,2022-05-03,0,0,0,133967,0,0,0,1568,2022-2023
34,2022-05-04,0,0,0,844493,0,0,0,-2510,2022-2023
35,2022-05-05,0,0,0,3174923,0,0,300,-8030,2022-2023
36,2022-05-06,0,0,205267,3022275,0,0,2565,-25865,2022-2023
37,2022-05-07,0,0,223868,523648,0,0,2902,-1142,2022-2023
38,2022-05-08,0,0,390380,1984106,0,0,4907,-12797,2022-2023
39,2022-05-09,0,0,324623,6951939,0,0,4758,-40188,2022-2023
40,2022-05-10,0,0,643963,6063079,0,0,6107,-52759,2022-2023
41,2022-05-11,0,0,188055,6601098,0,0,5559,-57616,2022-2023
42,2022-05-12,0,5326,174437,6124104,0,84,4073,-46900,2022-2023
43,2022-05-13,21459,77191,247585,6803811,225,6769,6254,-53012,2022-2023
44,2022-05-14,0,0,146479,915601,0,0,2056,-8050,2022-2023
45,2022-05-15,0,0,315263,630634,0,0,4926,6400,2022-2023
46,2022-05-16,125693,0,120640,3322703,3500,0,5968,-20011,2022-2023
47,2022-05-17,422304,0,188279,1468033,6895,0,2941,-8229,2022-2023
48,2022-05-18,0,0,237162,4189274,0,0,5640,-30873,2022-2023
49,2022-05-19,0,0,161198,3352513,0,0,6452,-23559,2022-2023
50,2022-05-20,0,0,199451,1671727,0,0,2330,-9835,2022-2023
51,2022-05-21,0,0,457629,1215132,0,0,5205,-3450,2022-2023
52,2022-05-22,0,0,346768,1029709,0,0,3070,-540,2022-2023
53,2022-05-23,0,0,206449,0,0,0,1517,0,2022-2023
54,2022-05-24,0,0,40352,875921,0,0,1119,10799,2022-2023
55,2022-05-25,4986,11337,85308,3745463,478,735,2043,-7370,2022-2023
56,2022-05-26,0,449605,300755,5579431,0,10562,3443,-33220,2022-2023
57,2022-05-27,339889,0,958374,4962816,4450,0,10936,-19282,2022-2023
58,2022-05-28,19440,0,587979,2127290,778,0,6814,-8797,2022-2023
59,2022-05-29,562543,0,954788,1113,6540,0,12294,-17,2022-2023
60,2022-05-30,0,0,253181,149970,0,0,1996,2200,2022-2023
61,2022-05-31,0,0,0,337103,0,0,0,4994,2022-2023
62,2022-06-01,0,0,0,71400,0,0,0,1300,2022-2023
63,2022-06-02,0,0,0,331218,0,0,0,7214,2022-2023
64,2022-06-03,0,0,0,489631,0,0,0,7016,2022-2023
65,2022-06-04,627,0,3580,428597,-42,0,290,2859,2022-2023
66,2022-06-05,0,0,69708,525553,0,0,4888,3285,2022-2023
67,2022-06-06,0,0,43384,322811,0,0,2815,-3441,2022-2023
68,2022-06-07,0,0,2073,122980,0,0,195,4400,2022-2023
69,2022-06-08,0,0,16126,2518435,0,0,1622,24036,2022-2023
70,2022-06-09,0,0,38057,4259028,0,0,1431,9917,2022-2023
71,2022-06-10,247725,2979,20620,14001783,9503,382,1902,-34206,2022-2023
72,2022-06-11,0,642660,1308123,20494968,0,14950,12410,-67380,2022-2023
73,2022-06-12,0,0,53759,14947461,0,0,1776,-47795,2022-2023
74,2022-06-13,0,0,0,3633156,0,0,0,-10747,2022-2023
75,2022-06-14,0,0,0,3158230,0,0,0,-6029,2022-2023
76,2022-06-15,0,0,0,1847839,0,0,0,7795,2022-2023
77,2022-06-16,0,0,5156,1857598,0,0,120,5473,2022-2023
78,2022-06-17,0,0,5508,11590731,0,0,352,-21526,2022-2023
79,2022-06-18,126957,182117,7749,15803197,2200,4428,429,-55021,2022-2023
80,2022-06-19,708713,420195,348677,12401063,9905,6122,4764,-40828,2022-2023
81,2022-06-20,0,0,0,4525021,0,0,0,12862,2022-2023
82,2022-06-21,0,0,0,3860947,0,0,0,22382,2022-2023
83,2022-06-22,0,0,0,7628022,0,0,0,12360,2022-2023
84,2022-06-23,0,0,0,5130221,0,0,0,16255,2022-2023
85,2022-06-24,0,0,0,2848146,0,0,0,30021,2022-2023
86,2022-06-25,0,8829,60215,6588186,0,511,2833,-8593,2022-2023
87,2022-06-26,0,500672,127862,6620621,0,12965,1811,-16683,2022-2023
88,2022-06-27,0,0,25269,6517598,0,0,1110,12758,2022-2023
89,2022-06-28,0,0,0,13115902,0,0,0,-16485,2022-2023
90,2022-06-29,0,0,0,6433332,0,0,0,-9836,2022-2023
91,2022-06-30,0,0,0,174685,0,0,0,1266,2022-2023
92,2022-07-01,0,0,0,541812,0,0,0,4028,2022-2023
93,2022-07-02,0,0,0,676419,0,0,0,6687,2022-2023
94,2022-07-03,0,0,0,4266418,0,0,0,-15774,2022-2023
95,2022-07-04,0,0,0,10564992,0,0,0,-7442,2022-2023
96,2022-07-05,0,0,0,4588621,0,0,0,10784,2022-2023
97,2022-07-06,0,0,0,19185151,0,0,98,-35308,2022-2023
98,2022-07-07,0,0,0,6679246,0,0,975,-16747,2022-2023
99,2022-07-08,0,0,0,8023082,0,0,0,-15784,2022-2023
100,2022-07-09,0,0,0,2756710,0,0,0,-12600,2022-2023
101,2022-07-10,0,0,0,72174,0,0,0,61,2022-2023
102,2022-07-11,0,0,0,8372165,0,0,0,16584,2022-2023
103,2022-07-12,0,0,0,14684108,0,0,0,5864,2022-2023
104,2022-07-13,0,0,0,15046885,0,0,0,-14953,2022-2023
105,2022-07-14,0,0,0,3221496,0,0,0,8990,2022-2023
106,2022-07-15,0,0,0,7294588,0,0,0,31748,2022-2023
107,2022-07-16,0,0,0,2566670,0,0,0,8322,2022-2023
108,2022-07-17,0,0,0,4275299,0,0,0,10722,2022-2023
109,2022-07-18,0,0,0,4333194,0,0,0,6778,2022-2023
110,2022-07-19,0,0,0,6806980,0,0,0,22720,2022-2023
111,2022-07-20,0,0,0,62073965,0,0,0,37840,2022-2023
112,2022-07-21,0,0,0,4725416,0,0,0,8579,2022-2023
113,2022-07-22,0,0,217420,3434951,0,0,2818,8285,2022-2023
114,2022-07-23,2976,2926,10374,7722098,183,360,475,-23216,2022-2023
115,2022-07-24,798941,984058,509834,5755280,14003,8333,6256,-12896,2022-2023
116,2022-07-25,0,0,925,9382341,0,0,126,-31895,2022-2023
117,2022-07-26,0,0,0,4984045,0,0,0,-14278,2022-2023
118,2022-07-27,0,0,0,55774,0,0,0,200,2022-2023
119,2022-07-28,0,0,0,4344267,0,0,0,-2870,2022-2023
120,2022-07-29,0,0,7650,5328459,0,0,235,-2253,2022-2023
121,2022-07-30,0,0,-6820,3924968,0,0,315,-17207,2022-2023
122,2022-07-31,0,0,326285,0,0,0,2507,0,2022-2023
123,2022-08-01,0,0,0,2937028,0,0,0,1670,2022-2023
124,2022-08-02,0,8273,0,10748565,0,1335,0,-15831,2022-2023
125,2022-08-03,0,723634,145624,9560683,0,10225,1607,-27916,2022-2023
126,2022-08-04,0,0,0,1856275,0,0,0,4940,2022-2023
127,2022-08-05,0,0,0,797396,0,0,0,-1133,2022-2023
128,2022-08-06,19005,32076,156919,5642976,379,503,3377,-25118,2022-2023
129,2022-08-07,54607,426990,897305,4813929,2607,5966,8881,-28398,2022-2023
130,2022-08-08,0,0,0,4180997,0,0,0,-21796,2022-2023
131,2022-08-09,0,0,0,8235894,0,0,0,-35685,2022-2023
132,2022-08-10,0,0,0,7396645,0,0,0,-32945,2022-2023
133,2022-08-11,102596,0,0,3209084,-790,0,0,-1851,2022-2023
134,2022-08-12,0,0,0,730089,0,0,0,-1178,2022-2023
135,2022-08-13,0,4116,0,163718,0,297,0,-653,2022-2023
136,2022-08-14,0,404082,0,0,0,2933,0,0,2022-2023
137,2022-08-15,0,0,0,746984,0,0,0,-340,2022-2023
138,2022-08-16,195239,0,0,9167109,-775,0,0,-13699,2022-2023
139,2022-08-17,157669,0,0,6480764,-858,0,0,667,2022-2023
140,2022-08-18,39108,0,0,10871829,800,0,0,-13759,2022-2023
141,2022-08-19,0,0,0,9424647,0,0,0,-2520,2022-2023
142,2022-08-20,0,0,0,14348002,0,0,0,-22674,2022-2023
143,2022-08-21,0,0,0,4987701,0,0,0,-14960,2022-2023
144,2022-08-22,157908,0,0,1239407,-861,0,0,-2102,2022-2023
145,2022-08-23,113456,0,0,2864908,-543,0,0,-864,2022-2023
146,2022-08-24,-124,0,0,7325109,-105,0,0,5004,2022-2023
147,2022-08-25,117585,0,0,4339806,-494,0,0,-1822,2022-2023
148,2022-08-26,-2261,0,0,80186,-368,0,0,900,2022-2023
149,2022-08-27,0,0,0,0,0,0,0,0,2022-2023
150,2022-08-28,0,0,0,0,0,0,0,0,2022-2023
151,2022-08-29,0,0,0,3657,0,0,0,-273,2022-2023
152,2022-08-30,0,0,0,540818,0,0,0,-3721,2022-2023
153,2022-08-31,0,0,0,225841,0,0,0,106,2022-2023
154,2022-09-01,0,0,0,0,0,0,0,0,2022-2023
155,2022-09-02,0,0,0,4091978,0,0,0,-11852,2022-2023
156,2022-09-03,0,0,0,11727921,0,0,0,-37317,2022-2023
157,2022-09-04,0,0,0,10359104,0,0,0,-33435,2022-2023
158,2022-09-05,0,0,0,8591324,0,0,0,-23759,2022-2023
159,2022-09-06,0,0,0,5089574,0,0,0,-25834,2022-2023
160,2022-09-07,0,0,0,5583267,0,0,0,-22240,2022-2023
161,2022-09-08,0,0,0,5499297,0,0,0,-8366,2022-2023
162,2022-09-09,0,0,0,4034928,0,0,0,-16033,2022-2023
163,2022-09-10,0,0,0,0,0,0,0,0,2022-2023
164,2022-09-11,0,0,0,16585,0,0,0,-13,2022-2023
165,2022-09-12,26973,0,0,2212726,-295,0,0,-2714,2022-2023
166,2022-09-13,29288,0,0,688546,-634,0,0,-2533,2022-2023
167,2022-09-14,51214,0,0,380430,-845,0,0,-373,2022-2023
168,2022-09-15,16048,7156,0,0,-461,712,0,0,2022-2023
169,2022-09-16,118298,168430,135599,2344310,-1098,4155,3341,-6464,2022-2023
170,2022-09-17,6816,2049858,990611,0,-330,10803,8020,0,2022-2023
171,2022-09-18,15580,1894467,1299578,0,-294,12185,10241,0,2022-2023
172,2022-09-19,184594,0,-437,0,-1696,0,920,0,2022-2023
173,2022-09-20,177925,0,0,5021,-1327,0,0,-4,2022-2023
174,2022-09-21,121017,0,11650,982332,-1216,0,925,-3735,2022-2023
175,2022-09-22,59464,0,39829,420219,-1200,0,2896,-2328,2022-2023
176,2022-09-23,116599,0,0,0,-1142,0,0,0,2022-2023
177,2022-09-24,16072,0,0,0,-850,0,0,0,2022-2023
178,2022-09-25,0,34626,210973,6535405,0,525,2838,-17400,2022-2023
179,2022-09-26,0,1858500,2097750,7035576,0,10154,10837,-24271,2022-2023
180,2022-09-27,0,251562,0,5106287,0,5139,0,-7506,2022-2023
181,2022-09-28,0,0,0,2290649,0,0,0,-482,2022-2023
182,2022-09-29,0,0,0,1337570,0,0,0,-1018,2022-2023
183,2022-09-30,0,748882,434158,17458748,0,3051,2065,-60356,2022-2023
184,2022-10-01,0,7124592,2720274,6924944,0,35170,13389,-24270,2022-2023
185,2022-10-02,0,1012543,2207451,3267877,0,11134,18449,-9430,2022-2023
186,2022-10-03,0,208639,192821,15051651,0,3966,3918,-35666,2022-2023
187,2022-10-04,0,2031238,480837,15056067,0,27562,7071,-50359,2022-2023
188,2022-10-05,0,1306436,1118785,5012545,0,13877,13553,-19196,2022-2023
189,2022-10-06,0,1297417,545186,20165941,0,19927,14833,-90442,2022-2023
190,2022-10-07,0,1481612,1412272,11694307,0,12563,13706,-44699,2022-2023
191,2022-10-08,0,1894850,1633642,4608941,0,13095,10022,-15873,2022-2023
192,2022-10-09,0,696802,407939,17233568,0,16258,11108,-71859,2022-2023
193,2022-10-10,0,1399067,1240907,11360565,0,11522,8372,-46351,2022-2023
194,2022-10-11,0,0,-1171,6272735,0,0,240,-12658,2022-2023
195,2022-10-12,0,0,-4461,5743582,0,0,1440,-8397,2022-2023
196,2022-10-13,0,0,0,5112581,0,0,0,-9769,2022-2023
197,2022-10-14,0,0,13196,4270140,0,0,333,-16239,2022-2023
198,2022-10-15,0,148107,291451,4621516,0,3106,4680,-14428,2022-2023
199,2022-10-16,0,1335726,828658,5705877,0,12755,9965,-8186,2022-2023
200,2022-10-17,0,683829,667568,8343668,0,6069,5465,28901,2022-2023
201,2022-10-18,0,0,0,1093506,0,0,0,-2882,2022-2023
202,2022-10-19,0,13535,10738,1434518,0,879,726,-4430,2022-2023
203,2022-10-20,0,0,26863,7047812,0,0,5803,-13213,2022-2023
204,2022-10-21,0,0,27652,2455365,0,0,630,15307,2022-2023
205,2022-10-22,0,0,325702,129650,0,0,3015,2450,2022-2023
206,2022-10-23,0,0,768927,285782,0,0,8212,-1407,2022-2023
207,2022-10-24,0,0,1183479,505446,0,0,6323,-4182,2022-2023
208,2022-10-25,0,11584,261166,1039755,0,787,3907,-895,2022-2023
209,2022-10-26,0,35800,327922,7894177,0,2027,6422,-48246,2022-2023
210,2022-10-27,0,59221,76910,4638180,0,2065,1600,-28654,2022-2023
211,2022-10-28,0,0,259883,6684840,0,0,2530,-43861,2022-2023
212,2022-10-29,17222,122098,2732064,2940765,-1257,3004,10639,-20383,2022-2023
213,2022-10-30,0,1568758,2475172,8123078,0,16938,17513,-39508,2022-2023
214,2022-10-31,0,63790,390686,11907399,0,5802,6286,-31116,2022-2023
215,2022-11-01,0,266522,3573433,1496040,0,3276,20899,-7523,2022-2023
216,2022-11-02,0,1084713,1945653,8116298,0,11437,17470,-42179,2022-2023
217,2022-11-03,0,290983,663370,8573072,0,5902,16629,-32834,2022-2023
218,2022-11-04,0,0,463764,2665220,0,0,5863,-12024,2022-2023
219,2022-11-05,0,357015,667778,2600705,0,3292,8141,-7411,2022-2023
220,2022-11-06,0,836792,1923565,2314608,0,9443,26183,-573,2022-2023
221,2022-11-07,0,2211658,1024609,6851422,0,16989,7763,-28188,2022-2023
222,2022-11-08,0,823132,1615853,7457727,0,11675,21968,-36996,2022-2023
223,2022-11-09,0,1478634,2590504,8625874,0,10870,15003,-19213,2022-2023
224,2022-11-10,161312,372302,578197,17698457,-1322,19581,20184,-94744,2022-2023
225,2022-11-11,0,301343,1960468,15462152,0,2088,19713,-59957,2022-2023
226,2022-11-12,0,0,118363,4863127,0,0,4484,-5972,2022-2023
227,2022-11-13,0,0,177900,6064360,0,0,4732,-29254,2022-2023
228,2022-11-14,0,0,0,11599220,0,0,0,-38768,2022-2023
229,2022-11-15,0,0,0,15699841,0,0,0,-68459,2022-2023
230,2022-11-16,0,14260,1662,9211820,0,1379,489,-24474,2022-2023
231,2022-11-17,0,836747,130051,6889826,0,10583,1980,-42344,2022-2023
232,2022-11-18,0,0,0,10133065,0,0,0,-46291,2022-2023
233,2022-11-19,0,0,10173,6759142,0,0,1404,-35967,2022-2023
234,2022-11-20,0,0,136609,3658406,0,0,4991,-17493,2022-2023
235,2022-11-21,0,0,0,6107169,0,0,0,19187,2022-2023
236,2022-11-22,0,0,0,745992,0,0,0,2072,2022-2023
237,2022-11-23,0,13298,30564,7605691,0,400,1629,-28264,2022-2023
238,2022-11-24,0,382209,330603,11921392,0,7166,6745,-57204,2022-2023
239,2022-11-25,0,0,2818,12542703,0,0,2523,-23883,2022-2023
240,2022-11-26,0,125601,38600,8974326,0,1796,1707,-53348,2022-2023
241,2022-11-27,0,584736,151281,7654341,0,11594,2898,-29869,2022-2023
242,2022-11-28,0,0,0,140063,0,0,0,-4703,2022-2023
243,2022-11-29,0,0,0,0,0,0,0,0,2022-2023
244,2022-11-30,0,0,0,6193881,0,0,0,-6303,2022-2023
245,2022-12-01,0,0,0,933445,0,0,0,-840,2022-2023
246,2022-12-02,0,0,0,1643061,0,0,0,-2709,2022-2023
247,2022-12-03,0,30575,0,5605090,0,1389,0,-3007,2022-2023
248,2022-12-04,0,0,0,0,0,0,0,0,2022-2023
249,2022-12-05,0,0,0,0,0,0,0,0,2022-2023
250,2022-12-06,0,0,0,7332639,0,0,0,-21647,2022-2023
251,2022-12-07,0,0,0,4446263,0,0,0,-19620,2022-2023
252,2022-12-08,0,0,0,5115723,0,0,0,-13243,2022-2023
253,2022-12-09,0,0,0,2445985,0,0,0,-2085,2022-2023
254,2022-12-10,0,0,0,960340,0,0,0,-191,2022-2023
255,2022-12-11,0,0,0,23729,0,0,0,105,2022-2023
256,2022-12-12,0,0,0,0,0,0,0,0,2022-2023
257,2022-12-13,0,0,0,873693,0,0,0,-269,2022-2023
258,2022-12-14,0,0,12018,10127087,0,0,256,-14607,2022-2023
259,2022-12-15,0,0,0,656898,0,0,0,-373,2022-2023
260,2022-12-16,0,0,0,127798,0,0,0,600,2022-2023
261,2022-12-17,0,0,-37929,421115,0,0,68,201,2022-2023
262,2022-12-18,0,55171,-59719,3694411,0,576,4092,-8685,2022-2023
263,2022-12-19,0,644842,1653344,13219300,0,4069,11483,-37704,2022-2023
264,2022-12-20,0,947780,383231,8485792,0,16448,3132,-26894,2022-2023
265,2022-12-21,0,0,1085,5150980,0,0,1852,-18345,2022-2023
266,2022-12-22,0,0,109972,0,0,0,2733,0,2022-2023
267,2022-12-23,0,14291,-17618,579417,0,2041,449,-630,2022-2023
268,2022-12-24,0,0,938632,4661720,0,0,6832,19930,2022-2023
269,2022-12-25,0,4373973,4534588,0,0,33351,25416,0,2022-2023
270,2022-12-26,0,3634932,2927068,1074521,0,28903,16530,-123,2022-2023
271,2022-12-27,0,913256,620665,17261,0,12997,9391,94,2022-2023
272,2022-12-28,0,750916,1669970,60944,0,8221,15483,-126,2022-2023
273,2022-12-29,0,1031634,1366611,992085,0,8822,18644,-1226,2022-2023
274,2022-12-30,0,2106772,1513534,3449955,0,17492,12599,-13747,2022-2023
275,2022-12-31,0,2933425,600765,598570,0,21846,5321,-1146,2022-2023
276,2023-01-01,0,2599011,3297802,0,0,14360,19550,0,2022-2023
277,2023-01-02,0,129347,2063614,312,0,1048,11201,-2,2022-2023
278,2023-01-03,0,817650,1043605,2331911,0,8946,12209,-4345,2022-2023
279,2023-01-04,0,1024083,1581998,1052306,0,8153,12737,-1288,2022-2023
280,2023-01-05,0,885594,503199,1846026,0,12451,7241,-10001,2022-2023
281,2023-01-06,0,1253047,853888,3518042,0,14414,7947,-23683,2022-2023
282,2023-01-07,0,2050242,2211354,3290243,0,15713,14160,-15223,2022-2023
283,2023-01-08,0,1615060,1720412,5507626,0,16452,17518,-29900,2022-2023
284,2023-01-09,0,304027,537692,1455943,0,5938,10161,-2887,2022-2023
285,2023-01-10,0,526363,749488,3088774,0,6467,9067,-12898,2022-2023
286,2023-01-11,0,261359,587762,6127624,0,3722,8952,-27939,2022-2023
287,2023-01-12,0,74826,1633499,86384,0,793,12007,-437,2022-2023
288,2023-01-13,0,348005,707878,1140724,0,6071,9287,-1963,2022-2023
289,2023-01-14,0,482488,792510,620707,0,7591,14641,-1781,2022-2023
290,2023-01-15,0,1635420,1219539,1431301,0,14406,12857,-3865,2022-2023
291,2023-01-16,0,0,-569,2744952,0,0,2080,-3484,2022-2023
292,2023-01-17,0,0,47201,4084983,0,0,1264,-25222,2022-2023
293,2023-01-18,0,0,-980,4900088,0,0,1279,-23161,2022-2023
294,2023-01-19,0,0,0,4677780,0,0,0,-27104,2022-2023
295,2023-01-20,0,0,0,443105,0,0,0,-3017,2022-2023
296,2023-01-21,0,0,0,2613611,0,0,0,-9505,2022-2023
297,2023-01-22,0,0,0,1975127,0,0,0,-7967,2022-2023
298,2023-01-23,0,0,0,3096337,0,0,0,-17836,2022-2023
299,2023-01-24,0,0,0,3084384,0,0,0,-21939,2022-2023
300,2023-01-25,0,0,2275,14565121,0,0,384,21852,2022-2023
301,2023-01-26,0,0,74367,902011,0,0,2848,-9811,2022-2023
302,2023-01-27,0,0,66387,1267116,0,0,2559,-4652,2022-2023
303,2023-01-28,0,0,12139,824025,0,0,378,-1516,2022-2023
304,2023-01-29,0,409250,765667,7530346,0,5397,9428,-47632,2022-2023
305,2023-01-30,0,1537087,752803,4480117,0,15049,7303,-27940,2022-2023
306,2023-01-31,0,587958,40051,10700911,0,8232,2898,-33100,2022-2023
307,2023-02-01,0,567444,101389,5445039,0,14706,3552,-31576,2022-2023
308,2023-02-02,0,494376,248660,5209930,0,13836,4301,-30680,2022-2023
309,2023-02-03,0,1179041,149792,2523872,0,13261,2719,-16010,2022-2023
310,2023-02-04,0,220544,555272,3461872,0,4002,8431,-14010,2022-2023
311,2023-02-05,0,189996,483318,2456135,0,3867,8361,-4628,2022-2023
312,2023-02-06,0,0,0,4982572,0,0,0,-19927,2022-2023
313,2023-02-07,0,0,0,2184062,0,0,0,-8834,2022-2023
314,2023-02-08,0,0,-501,7868499,0,0,230,-21933,2022-2023
315,2023-02-09,0,0,-535,4348678,0,0,1495,-25616,2022-2023
316,2023-02-10,0,42874,27759,6076877,0,2054,2324,-32992,2022-2023
317,2023-02-11,0,465559,461117,1288268,0,6679,6685,-8954,2022-2023
318,2023-02-12,0,0,0,402135,0,0,0,-6420,2022-2023
319,2023-02-13,0,0,0,62351,0,0,0,-1836,2022-2023
320,2023-02-14,0,0,0,133881,0,0,0,-1399,2022-2023
321,2023-02-15,0,0,0,3597273,0,0,230,-14871,2022-2023
322,2023-02-16,0,529958,75216,1030971,0,7161,2342,-4417,2022-2023
323,2023-02-17,0,1499803,444978,7647281,0,22745,8017,-46272,2022-2023
324,2023-02-18,0,1319207,905814,2669137,0,22854,10097,-12713,2022-2023
325,2023-02-19,0,1794068,776199,7444615,0,24868,9176,-47092,2022-2023
326,2023-02-20,0,620672,237960,10903497,0,16356,8793,-56811,2022-2023
327,2023-02-21,0,0,29319,4286489,0,0,2647,-15748,2022-2023
328,2023-02-22,0,0,20139,1783531,0,0,3068,-9216,2022-2023
329,2023-02-23,0,0,103357,2664205,0,0,5476,-12669,2022-2023
330,2023-02-24,0,129649,626230,2067807,0,2160,9209,-11044,2022-2023
331,2023-02-25,0,0,491495,194615,0,0,6520,3040,2022-2023
332,2023-02-26,0,0,898712,213562,0,0,7472,-6560,2022-2023
333,2023-02-27,0,0,74098,0,0,0,910,0,2022-2023
334,2023-02-28,0,0,770,461292,0,0,149,-3216,2022-2023
335,2023-03-01,0,0,11098,1621997,0,0,1362,-13036,2022-2023
336,2023-03-02,0,0,58839,0,0,0,910,0,2022-2023
337,2023-03-03,0,0,-1550,-141345,0,0,153,-1355,2022-2023
338,2023-03-04,0,0,42079,0,0,0,1459,0,2022-2023
339,2023-03-05,0,0,65777,0,0,0,2210,0,2022-2023
340,2023-03-06,0,0,-1298,1869947,0,0,219,-9700,2022-2023
341,2023-03-07,0,-25359,4346,0,0,4652,185,0,2022-2023
342,2023-03-08,0,0,37154,0,0,0,1778,0,2022-2023
343,2023-03-09,0,0,475609,0,0,0,7522,0,2022-2023
344,2023-03-10,0,0,261733,8894,0,0,8990,-353,2022-2023
345,2023-03-11,0,0,168395,448312,0,0,3477,-1207,2022-2023
346,2023-03-12,0,1189775,2113586,-3552,0,16203,21934,-79,2022-2023
347,2023-03-13,0,498683,1986695,4099176,0,6234,25156,-18076,2022-2023
348,2023-03-14,0,517986,1876663,179794,0,5503,21597,-44,2022-2023
349,2023-03-15,0,-18821,84152,489699,0,514,5640,-1393,2022-2023
350,2023-03-16,0,84522,686513,12321,0,3203,12259,-99,2022-2023
351,2023-03-17,0,0,455403,114416,0,0,11406,3026,2022-2023
352,2023-03-18,0,0,571366,36638,0,0,10023,-157,2022-2023
353,2023-03-19,0,0,396698,101493,0,0,17827,-324,2022-2023
354,2023-03-20,0,432045,401388,106884,0,5398,5395,-217,2022-2023
355,2023-03-21,0,68000,186714,2969046,0,1804,7539,-15173,2022-2023
356,2023-03-22,0,981038,1030985,12612117,0,13778,17822,-77990,2022-2023
357,2023-03-23,0,514666,3659656,937566,0,3683,24967,-4068,2022-2023
358,2023-03-24,0,649563,4356535,80108,0,6603,26832,-229,2022-2023
359,2023-03-25,0,425861,4244157,148943,0,4306,29875,-240,2022-2023
360,2023-03-26,0,223639,1288947,1489924,0,2908,13317,-4548,2022-2023
361,2023-03-27,0,0,532950,732855,0,0,12010,-5309,2022-2023
362,2023-03-28,0,0,668354,623805,0,0,11272,-389,2022-2023
363,2023-03-29,0,66401,633371,4410084,0,1207,10441,-22712,2022-2023
364,2023-03-30,0,386970,2530471,-232717,0,4121,20395,-21008,2022-2023
365,2023-03-31,0,132993,2060013,112017,0,1203,14386,-2700,2022-2023
1,2023-04-01,0,0,1866622,0,0,0,14497,0,2023-2024
2,2023-04-02,0,0,742832,0,0,0,9121,0,2023-2024
3,2023-04-03,0,0,304446,606083,0,0,5444,-4884,2023-2024
4,2023-04-04,0,0,67058,6069825,0,0,1275,-37604,2023-2024
5,2023-04-05,0,0,0,9683044,0,0,0,-40979,2023-2024
6,2023-04-06,0,0,20281,3326110,0,0,130,-15599,2023-2024
7,2023-04-07,0,0,72411,0,0,0,1030,0,2023-2024
8,2023-04-08,0,0,158353,6493,0,0,2040,-69,2023-2024
9,2023-04-09,0,636073,515699,13669817,0,17766,15225,-80545,2023-2024
10,2023-04-10,0,995654,1360098,11416522,0,15535,23863,-59696,2023-2024
11,2023-04-11,0,580380,564103,14757869,0,8563,12166,-67249,2023-2024
12,2023-04-12,0,716,510088,16839983,0,70,10828,-83530,2023-2024
13,2023-04-13,0,0,209830,3391506,0,0,5306,-11733,2023-2024
14,2023-04-14,0,0,117,346642,0,0,240,752,2023-2024
15,2023-04-15,0,0,48794,137518,0,0,2160,-639,2023-2024
16,2023-04-16,0,0,88506,1043443,0,0,1920,-6558,2023-2024
17,2023-04-17,0,0,0,999243,0,0,0,-8698,2023-2024
18,2023-04-18,0,45229,36720,930996,0,1060,337,-14432,2023-2024
19,2023-04-19,0,177701,208507,2384842,0,4486,5140,-10502,2023-2024
20,2023-04-20,0,78405,548067,310426,0,1692,8150,-2126,2023-2024
21,2023-04-21,0,0,23751,3039924,0,0,1204,-16651,2023-2024
22,2023-04-22,0,14727,19517,192952,0,598,461,-740,2023-2024
23,2023-04-23,0,467541,435021,4656695,0,9677,5379,-31638,2023-2024
24,2023-04-24,0,275879,443083,3225933,0,6435,6179,-37758,2023-2024
25,2023-04-25,0,67985,25508,550158,0,3076,1680,-8776,2023-2024
26,2023-04-26,0,0,0,97864,0,0,0,-692,2023-2024
27,2023-04-27,0,0,2480,1400807,0,0,621,-11828,2023-2024
28,2023-04-28,0,0,152672,395668,0,0,4021,-2126,2023-2024
29,2023-04-29,0,0,0,79528,0,0,0,-686,2023-2024
30,2023-04-30,0,0,59864,0,0,0,2510,0,2023-2024
31,2023-05-01,0,42262,172899,455229,0,1543,6615,-3965,2023-2024
32,2023-05-02,0,0,0,100316,0,0,0,-687,2023-2024
33,2023-05-03,0,12957,98607,0,0,238,1531,0,2023-2024
34,2023-05-04,0,115526,507911,14167495,0,4557,16189,-59289,2023-2024
35,2023-05-05,0,174992,74343,5699808,0,6992,5929,-30454,2023-2024
36,2023-05-06,0,0,95868,544247,0,0,2526,-4076,2023-2024
37,2023-05-07,0,11844,374783,308539,0,623,8354,-3527,2023-2024
38,2023-05-08,0,63366,580905,1998097,0,2144,15193,-11354,2023-2024
39,2023-05-09,0,0,87424,293061,0,0,3001,-1997,2023-2024
40,2023-05-10,0,0,212698,193866,0,0,3077,-3463,2023-2024
41,2023-05-11,0,0,77915,220712,0,0,1750,-3637,2023-2024
42,2023-05-12,0,0,89906,206253,0,0,2447,2400,2023-2024
43,2023-05-13,0,0,466677,311749,0,0,14893,-3608,2023-2024
44,2023-05-14,0,0,590677,25212,0,0,13831,-106,2023-2024
45,2023-05-15,0,0,388703,142687,0,0,6265,4773,2023-2024
46,2023-05-16,0,0,458347,527680,0,0,7137,-2380,2023-2024
47,2023-05-17,0,0,207317,428667,0,0,2982,-2801,2023-2024
48,2023-05-18,0,0,98946,192545,0,0,1920,-777,2023-2024
49,2023-05-19,0,2391,52064,0,0,174,2224,0,2023-2024
50,2023-05-20,0,294789,1069389,139693,0,5306,14381,-515,2023-2024
51,2023-05-21,0,1075378,1775196,0,0,14712,18992,0,2023-2024
52,2023-05-22,0,0,279231,328886,0,0,6634,-1847,2023-2024
53,2023-05-23,0,0,664387,587685,0,0,9562,-5651,2023-2024
54,2023-05-24,0,0,702607,1490436,0,0,8720,-13207,2023-2024
55,2023-05-25,0,0,409829,0,0,0,6022,0,2023-2024
56,2023-05-26,0,0,220999,0,0,0,4584,0,2023-2024
57,2023-05-27,0,0,2860375,2564680,0,0,35097,-13954,2023-2024
58,2023-05-28,0,566050,1775510,0,0,8964,25052,0,2023-2024
59,2023-05-29,0,482916,4894905,4776,0,5472,37855,-23,2023-2024
60,2023-05-30,0,59152,860427,17452,0,880,11325,683,2023-2024
61,2023-05-31,0,0,399316,28937,0,0,7335,-71,2023-2024
62,2023-06-01,0,0,792987,0,0,0,8592,0,2023-2024
63,2023-06-02,0,0,1137557,-525,0,0,11968,261,2023-2024
64,2023-06-03,0,296609,1698606,2772,0,3968,27782,52,2023-2024
65,2023-06-04,0,50499,1462151,0,0,3707,31473,0,2023-2024
66,2023-06-05,0,0,418860,79599,0,0,5966,1212,2023-2024
67,2023-06-06,0,0,653074,20341,0,0,5764,410,2023-2024
68,2023-06-07,0,0,286655,77459,0,0,3283,1658,2023-2024
69,2023-06-08,0,0,187076,49995,0,0,2804,-108,2023-2024
70,2023-06-09,0,396,93776,61194,0,463,3134,-296,2023-2024
71,2023-06-10,0,2439383,1570415,754182,0,31062,18144,-1939,2023-2024
72,2023-06-11,0,132044,-31048,721383,0,10623,10090,-1055,2023-2024
73,2023-06-12,0,0,109678,12826,0,0,1919,-308,2023-2024
74,2023-06-13,0,0,8046,8355,0,0,116,86,2023-2024
75,2023-06-14,0,0,0,20696,0,0,0,-61,2023-2024
76,2023-06-15,0,0,0,0,0,0,0,0,2023-2024
77,2023-06-16,0,0,0,0,0,0,0,0,2023-2024
78,2023-06-17,0,0,0,19886,0,0,0,-57,2023-2024
79,2023-06-18,0,0,216799,0,0,0,3120,0,2023-2024
80,2023-06-19,0,0,57981,648200,0,0,2860,3589,2023-2024
81,2023-06-20,0,0,0,339145,0,0,0,-5387,2023-2024
82,2023-06-21,0,0,0,155001,0,0,0,1484,2023-2024
83,2023-06-22,0,0,0,109945,0,0,0,-1154,2023-2024
84,2023-06-23,0,0,131384,424533,0,0,2066,-619,2023-2024
85,2023-06-24,0,457297,1027881,17750,0,6914,14437,-22,2023-2024
86,2023-06-25,0,3995606,1105803,4379022,0,52096,11162,-19601,2023-2024
87,2023-06-26,0,850758,1196106,775961,0,9990,10642,-1768,2023-2024
88,2023-06-27,0,0,121064,565602,0,0,2933,-1720,2023-2024
89,2023-06-28,0,0,53213,394261,0,0,2456,-1623,2023-2024
90,2023-06-29,0,0,55364,61628,0,0,671,-590,2023-2024
91,2023-06-30,0,218392,341671,266832,0,3723,3810,344,2023-2024
92,2023-07-01,0,1204383,902898,12108863,0,36911,15739,-70992,2023-2024
93,2023-07-02,0,6688070,1636415,9300832,0,67672,15667,-59239,2023-2024
94,2023-07-03,0,1770199,1026936,9515385,0,30356,14775,-56917,2023-2024
95,2023-07-04,0,1134784,707863,630905,0,11416,5904,-3972,2023-2024
96,2023-07-05,0,0,566135,44411,0,0,8434,-378,2023-2024
97,2023-07-06,0,0,76980,5719503,0,0,3332,-7252,2023-2024
98,2023-07-07,0,110346,120432,15210392,0,5977,6494,-37849,2023-2024
99,2023-07-08,0,913459,687804,6943867,0,11475,7910,-21756,2023-2024
100,2023-07-09,0,0,162239,199820,0,0,4966,-1775,2023-2024
101,2023-07-10,0,15697,83225,605140,0,1188,1678,7629,2023-2024
102,2023-07-11,0,0,101012,1038721,0,0,2084,6892,2023-2024
103,2023-07-12,0,0,166780,14752,0,0,3868,700,2023-2024
104,2023-07-13,0,0,0,43010,0,0,0,-592,2023-2024
105,2023-07-14,0,93687,97203,3759044,0,3211,1184,-9057,2023-2024
106,2023-07-15,0,2294801,1886621,1994167,0,36633,19495,-13029,2023-2024
107,2023-07-16,0,2429940,3658635,2256663,0,25792,35823,-11655,2023-2024
108,2023-07-17,0,325565,525614,22742,0,4764,7475,-173,2023-2024
109,2023-07-18,0,0,0,148716,0,0,0,-260,2023-2024
110,2023-07-19,0,0,0,11071,0,0,0,-44,2023-2024
111,2023-07-20,0,0,0,0,0,0,0,0,2023-2024
112,2023-07-21,0,0,183056,0,0,0,3980,0,2023-2024
113,2023-07-22,-12651,14890,479848,479612,-450,1653,9080,-8124,2023-2024
114,2023-07-23,0,2829138,2965206,2523447,0,32668,27243,-19327,2023-2024
115,2023-07-24,0,259162,543027,0,0,7606,10311,0,2023-2024
116,2023-07-25,0,0,118129,0,0,0,2940,0,2023-2024
117,2023-07-26,0,8130,163851,7636,0,520,4799,-16,2023-2024
118,2023-07-27,0,142407,433477,582525,0,4359,8755,-2496,2023-2024
119,2023-07-28,0,0,387473,0,0,0,4689,0,2023-2024
120,2023-07-29,0,944203,3856844,0,0,31181,40286,0,2023-2024
121,2023-07-30,0,2261565,4572816,343514,0,45365,39376,-1352,2023-2024
122,2023-07-31,0,392642,2212638,175174,0,6043,24341,-628,2023-2024
123,2023-08-01,0,44961,1406445,198343,0,1329,18346,-809,2023-2024
124,2023-08-02,0,260972,1164130,354546,0,4798,13665,-1288,2023-2024
125,2023-08-03,0,1166298,1940762,370634,0,12488,16690,-3005,2023-2024
126,2023-08-04,0,0,448244,63873,0,0,7050,-401,2023-2024
127,2023-08-05,0,22568,415316,71598,0,605,5769,-1291,2023-2024
128,2023-08-06,0,2010347,4666650,1007436,0,21827,32740,-3779,2023-2024
129,2023-08-07,0,71572,445914,184908,0,4894,13358,-265,2023-2024
130,2023-08-08,0,78967,1356000,189186,0,1177,12119,-1653,2023-2024
131,2023-08-09,0,0,704178,205990,0,0,9397,-829,2023-2024
132,2023-08-10,0,0,479566,19161,0,0,5638,963,2023-2024
133,2023-08-11,0,13778,396157,1402493,0,428,8964,-8977,2023-2024
134,2023-08-12,0,1178685,2264540,9425243,0,28079,38323,-63061,2023-2024
135,2023-08-13,0,1377696,2388849,2387850,0,25622,32361,-12349,2023-2024
136,2023-08-14,0,0,280315,110436,0,0,7180,1145,2023-2024
137,2023-08-15,0,0,312566,49391,0,0,6041,528,2023-2024
138,2023-08-16,0,0,121038,23700,0,0,1816,445,2023-2024
139,2023-08-17,0,0,296325,1104497,0,0,4990,-4114,2023-2024
140,2023-08-18,0,27355,505931,11150549,0,2994,12882,-55490,2023-2024
141,2023-08-19,0,1349409,1896869,13088113,0,34372,32715,-69151,2023-2024
142,2023-08-20,0,551455,1638336,1616336,0,16118,19743,3392,2023-2024
143,2023-08-21,0,0,381497,6721795,0,0,8709,710,2023-2024
144,2023-08-22,0,0,223547,8019167,0,0,8017,-18784,2023-2024
145,2023-08-23,0,0,10051,832684,0,0,166,16914,2023-2024
146,2023-08-24,0,0,46947,273536,0,0,1666,6050,2023-2024
147,2023-08-25,0,0,42338,1078831,0,0,1575,8927,2023-2024
148,2023-08-26,0,0,400644,85529,0,0,8403,-407,2023-2024
149,2023-08-27,0,0,713979,453228,0,0,14129,-2783,2023-2024
150,2023-08-28,0,0,346920,21766,0,0,5685,800,2023-2024
151,2023-08-29,0,0,130044,2492206,0,0,2612,3557,2023-2024
152,2023-08-30,0,0,379463,452194,0,0,4833,-2628,2023-2024
153,2023-08-31,0,0,121490,213765,0,0,2355,-2551,2023-2024
154,2023-09-01,0,0,95108,424220,0,0,3304,-3897,2023-2024
155,2023-09-02,0,37261,256535,1286647,0,1548,4589,-13890,2023-2024
156,2023-09-03,0,1022589,909749,7871304,0,25717,19459,-53021,2023-2024
157,2023-09-04,0,0,183917,2275610,0,0,8289,-31775,2023-2024
158,2023-09-05,0,0,330055,167788,0,0,5994,-1827,2023-2024
159,2023-09-06,0,0,233619,800450,0,0,5294,-16217,2023-2024
160,2023-09-07,0,0,222502,851873,0,0,5278,-11740,2023-2024
161,2023-09-08,0,0,172374,17622,0,0,3808,-114,2023-2024
162,2023-09-09,0,0,228947,1237686,0,0,5626,-13322,2023-2024
163,2023-09-10,0,0,240049,104290,0,0,4984,-414,2023-2024
164,2023-09-11,0,0,75009,1601910,0,0,6121,-10213,2023-2024
165,2023-09-12,0,0,180633,1063464,0,0,3551,-10544,2023-2024
166,2023-09-13,0,0,191755,3175824,0,0,4623,-19081,2023-2024
167,2023-09-14,0,0,112681,9162566,0,0,5858,-63531,2023-2024
168,2023-09-15,0,0,102314,1177693,0,0,1864,-16720,2023-2024
169,2023-09-16,0,18378,657740,927349,0,525,8856,-15528,2023-2024
170,2023-09-17,0,591769,1005035,286274,0,8376,14144,-10411,2023-2024
171,2023-09-18,0,571326,727083,1506103,0,10740,10506,-10005,2023-2024
172,2023-09-19,0,352206,2889556,1772919,0,4683,21374,-9564,2023-2024
173,2023-09-20,0,441051,1172535,10812588,0,10129,19271,-61211,2023-2024
174,2023-09-21,0,171790,149360,7478554,0,5680,9536,-34751,2023-2024
175,2023-09-22,0,0,542986,1176506,0,0,5610,-8326,2023-2024
176,2023-09-23,0,178330,662299,829407,0,2822,9812,-6844,2023-2024
177,2023-09-24,0,2561407,1875529,11245456,0,48572,22016,-65963,2023-2024
178,2023-09-25,0,1265824,1494256,12449775,0,17630,13275,-80947,2023-2024
179,2023-09-26,0,497319,184586,6731127,0,16918,6197,-35701,2023-2024
180,2023-09-27,0,196700,367959,6299061,0,2141,5237,-36126,2023-2024
181,2023-09-28,0,313651,551171,14329720,0,12610,15945,-67584,2023-2024
182,2023-09-29,0,636942,588073,12963883,0,12924,12108,-67290,2023-2024
183,2023-09-30,0,90002,270460,722061,0,2584,5793,-3946,2023-2024
184,2023-10-01,0,723235,1471008,4154739,0,18375,14980,-27479,2023-2024
185,2023-10-02,0,1749,77026,4335881,0,463,7543,-30973,2023-2024
186,2023-10-03,0,550073,1275926,3260799,0,11698,22095,-20060,2023-2024
187,2023-10-04,0,492414,866407,3525820,0,13898,11570,-13358,2023-2024
188,2023-10-05,0,57420,588197,3498406,0,2895,9536,-5223,2023-2024
189,2023-10-06,0,1327053,2282739,4408517,0,19654,16447,-39229,2023-2024
190,2023-10-07,0,1766126,2515961,605509,0,24985,19359,-2699,2023-2024
191,2023-10-08,0,80704,766593,1960351,0,1950,11054,-6308,2023-2024
192,2023-10-09,0,0,127364,492381,0,0,5779,-2872,2023-2024
193,2023-10-10,0,100794,394217,11218701,0,6055,9669,-52009,2023-2024
194,2023-10-11,0,676030,1291769,8937523,0,9557,14965,-50464,2023-2024
195,2023-10-12,0,48236,297835,4252444,0,2221,5387,-24231,2023-2024
196,2023-10-13,0,75964,1139842,10257558,0,2467,31084,-51431,2023-2024
197,2023-10-14,0,1258937,3051982,9073141,0,15965,31628,-50115,2023-2024
198,2023-10-15,0,401176,954650,3708813,0,8422,19869,-11480,2023-2024
199,2023-10-16,0,0,268997,1747040,0,0,6291,-7420,2023-2024
200,2023-10-17,0,175826,1031044,67359,0,2687,11597,-49,2023-2024
201,2023-10-18,0,566939,2773447,10496614,0,5816,29373,-53641,2023-2024
202,2023-10-19,0,222362,1341744,10350648,0,5323,22401,-48106,2023-2024
203,2023-10-20,0,167766,828843,14254935,0,5665,24789,-74935,2023-2024
204,2023-10-21,0,306436,1418569,6938335,0,6649,23697,-36437,2023-2024
205,2023-10-22,0,1087488,587645,814844,0,11139,8555,-2537,2023-2024
206,2023-10-23,0,0,499676,163970,0,0,13610,-369,2023-2024
207,2023-10-24,0,0,599408,1748721,0,0,12539,-10497,2023-2024
208,2023-10-25,0,0,446401,5809089,0,0,9246,-37288,2023-2024
209,2023-10-26,0,0,472301,4169348,0,0,8634,-33357,2023-2024
210,2023-10-27,0,0,290377,10585550,0,0,16557,-51091,2023-2024
211,2023-10-28,0,35989,1382170,10999957,0,1302,26595,-52768,2023-2024
212,2023-10-29,0,232995,1483019,11991513,0,7791,31249,-51680,2023-2024
213,2023-10-30,0,0,1795713,3174370,0,0,18234,-11556,2023-2024
214,2023-10-31,0,0,604093,1437722,0,0,16319,-4452,2023-2024
215,2023-11-01,0,306966,2107563,7310073,0,4732,23145,-25657,2023-2024
216,2023-11-02,0,1057973,2299171,2517622,0,9898,21576,-10482,2023-2024
217,2023-11-03,0,0,1205348,4624790,0,0,14412,-9367,2023-2024
218,2023-11-04,0,0,1054332,30065,0,0,17213,432,2023-2024
219,2023-11-05,0,458448,1539726,117351,0,5456,20221,-462,2023-2024
220,2023-11-06,0,49907,1248789,15182,0,836,13672,266,2023-2024
221,2023-11-07,0,21858,1334666,195647,0,411,13556,-344,2023-2024
222,2023-11-08,0,65046,707881,10042127,0,2083,15588,-50451,2023-2024
223,2023-11-09,0,444691,722839,645168,0,4159,7692,333,2023-2024
224,2023-11-10,0,0,807430,534387,0,0,9985,-2454,2023-2024
225,2023-11-11,0,0,921945,719180,0,0,9935,-3078,2023-2024
226,2023-11-12,0,13977,591544,1227862,0,1650,8878,-6576,2023-2024
227,2023-11-13,0,377287,830250,6224462,0,11579,14224,-33125,2023-2024
228,2023-11-14,0,938333,766454,349482,0,10395,15348,-989,2023-2024
229,2023-11-15,0,354211,972200,302821,0,6553,10439,-2065,2023-2024
230,2023-11-16,0,0,331394,608340,0,0,5647,-3342,2023-2024
231,2023-11-17,0,0,458752,677640,0,0,7463,-5589,2023-2024
232,2023-11-18,0,392747,1735739,3812465,0,4936,24330,-22580,2023-2024
233,2023-11-19,0,1154586,3103625,0,0,10586,25725,0,2023-2024
234,2023-11-20,0,124214,804641,4820501,0,2725,10845,-38987,2023-2024
235,2023-11-21,0,0,541242,4003287,0,0,11045,-28468,2023-2024
236,2023-11-22,0,233466,656064,14422963,0,7870,17958,-52638,2023-2024
237,2023-11-23,0,368755,552551,13425135,0,11484,14980,-78661,2023-2024
238,2023-11-24,0,247780,1035981,5897947,0,3219,10910,-41139,2023-2024
239,2023-11-25,0,0,503468,841472,0,0,8936,-3039,2023-2024
240,2023-11-26,0,0,354333,316499,0,0,5907,-2310,2023-2024
241,2023-11-27,0,0,293745,3028316,0,0,7350,-28256,2023-2024
242,2023-11-28,0,0,406685,3835078,0,0,7252,-21106,2023-2024
243,2023-11-29,0,0,193396,1560592,0,0,3572,-7266,2023-2024
244,2023-11-30,0,0,130729,841460,0,0,1720,-6959,2023-2024
245,2023-12-01,0,0,135976,917776,0,0,1442,-2436,2023-2024
246,2023-12-02,0,0,7987,904452,0,0,520,-4632,2023-2024
247,2023-12-03,0,0,115726,611264,0,0,2597,-5657,2023-2024
248,2023-12-04,0,0,330269,1792222,0,0,6284,-16944,2023-2024
249,2023-12-05,0,0,398774,1001659,0,0,5781,-4769,2023-2024
250,2023-12-06,0,0,62878,4032046,0,0,804,2732,2023-2024
251,2023-12-07,0,0,226058,6027547,0,0,5885,-28343,2023-2024
252,2023-12-08,0,5269,356132,1181230,0,868,6349,-6382,2023-2024
253,2023-12-09,0,451695,791343,1660580,0,9265,8941,-9611,2023-2024
254,2023-12-10,0,1242600,1488387,62651,0,16489,13226,-628,2023-2024
255,2023-12-11,0,361758,486763,0,0,8068,5820,0,2023-2024
256,2023-12-12,0,0,429459,2350244,0,0,5197,-26608,2023-2024
257,2023-12-13,0,0,416105,612467,0,0,4988,-6603,2023-2024
258,2023-12-14,0,0,71382,2022956,0,0,1383,-20580,2023-2024
259,2023-12-15,0,0,264142,2916318,0,0,4877,-14976,2023-2024
260,2023-12-16,0,1221,411440,9550971,0,757,6947,-70791,2023-2024
261,2023-12-17,0,500150,839146,6910586,0,20146,10270,-49687,2023-2024
262,2023-12-18,0,265880,690601,1337581,0,8997,5990,-10943,2023-2024
263,2023-12-19,0,41391,646710,4913263,0,3062,10179,-30772,2023-2024
264,2023-12-20,0,265644,308214,5453409,0,12726,7337,-43256,2023-2024
265,2023-12-21,0,105613,794658,8704108,0,7495,14268,-66612,2023-2024
266,2023-12-22,0,326648,1870681,7824723,0,3941,16647,-52470,2023-2024
267,2023-12-23,0,379823,2097499,5023544,0,4540,36376,-33511,2023-2024
268,2023-12-24,0,245646,3130317,6314120,0,4225,46927,-57065,2023-2024
269,2023-12-25,0,356686,3712378,1452113,0,9434,49343,-7614,2023-2024
270,2023-12-26,0,0,3264042,237699,0,0,29675,-1286,2023-2024
271,2023-12-27,0,0,928040,7000986,0,0,25866,-50347,2023-2024
272,2023-12-28,0,308351,2225337,3891283,0,5312,36867,-24775,2023-2024
273,2023-12-29,0,304961,2393641,47253,0,4867,29326,-299,2023-2024
274,2023-12-30,0,0,1686570,1594375,0,0,37631,-11456,2023-2024
275,2023-12-31,0,0,2701492,622101,0,0,40227,-57,2023-2024
276,2024-01-01,0,125463,3037704,102135,0,1694,34037,-341,2023-2024
277,2024-01-02,0,63262,1259623,261328,0,2014,20449,-1458,2023-2024
278,2024-01-03,0,0,1467734,25371,0,0,18117,-45,2023-2024
279,2024-01-04,0,0,730765,794933,0,0,12178,-8388,2023-2024
280,2024-01-05,0,0,770546,23040,0,0,9626,-488,2023-2024
281,2024-01-06,0,0,799130,278260,0,0,12628,-2946,2023-2024
282,2024-01-07,0,0,584325,223286,0,0,11397,-2643,2023-2024
283,2024-01-08,0,0,303830,407823,0,0,7379,-3694,2023-2024
284,2024-01-09,0,0,0,386434,0,0,0,-4790,2023-2024
285,2024-01-10,0,0,0,401131,0,0,0,-3127,2023-2024
286,2024-01-11,0,0,0,266042,0,0,0,3786,2023-2024
287,2024-01-12,0,0,41381,480742,0,0,1000,-5238,2023-2024
288,2024-01-13,0,0,141787,1892386,0,0,6511,-18748,2023-2024
289,2024-01-14,0,0,404152,910573,0,0,9001,-6029,2023-2024
290,2024-01-15,0,0,569009,1910783,0,0,9343,-20466,2023-2024
291,2024-01-16,0,0,6642,384017,0,0,219,13629,2023-2024
292,2024-01-17,0,0,33435,205070,0,0,1095,-1721,2023-2024
293,2024-01-18,0,0,13470,1846265,0,0,483,-22607,2023-2024
294,2024-01-19,0,0,154684,5765245,0,0,8853,-44890,2023-2024
295,2024-01-20,0,22021,559171,8817905,0,4354,16886,-63459,2023-2024
296,2024-01-21,0,641131,1186372,5890001,0,20442,22302,-46940,2023-2024
297,2024-01-22,0,227298,1669019,5864344,0,2655,18954,-41629,2023-2024
298,2024-01-23,0,48020,1226547,5211136,0,2947,21628,-37010,2023-2024
299,2024-01-24,0,61924,439153,5466167,0,1794,21536,-35365,2023-2024
300,2024-01-25,0,17091,400095,4346370,0,2081,10393,-28203,2023-2024
301,2024-01-26,0,91030,503261,8708897,0,5192,18593,-57967,2023-2024
302,2024-01-27,0,4876,236091,11816198,0,1271,17377,-74913,2023-2024
303,2024-01-28,0,0,301587,11046681,0,0,11565,-75712,2023-2024
304,2024-01-29,0,0,483615,134716,0,0,9959,-874,2023-2024
305,2024-01-30,0,0,528792,2080528,0,0,8481,-20692,2023-2024
306,2024-01-31,0,6396,360703,9636341,0,1817,14488,-52276,2023-2024
307,2024-02-01,0,213339,909691,5527753,0,6449,14913,-28903,2023-2024
308,2024-02-02,0,143218,429918,10364895,0,16292,15029,-67577,2023-2024
309,2024-02-03,0,817742,1342341,9534797,0,17455,20743,-82807,2023-2024
310,2024-02-04,0,804094,1400717,7250067,0,23855,27165,-61618,2023-2024
311,2024-02-05,0,622686,1342511,2926983,0,11409,17264,-22639,2023-2024
312,2024-02-06,0,152513,69499,6031116,0,13382,7186,-39293,2023-2024
313,2024-02-07,0,0,366397,524120,0,0,5713,-5495,2023-2024
314,2024-02-08,0,4254,293406,888232,0,387,4581,-7957,2023-2024
315,2024-02-09,0,0,375221,7033132,0,0,15188,-50915,2023-2024
316,2024-02-10,0,0,316104,2050735,0,0,11239,-14215,2023-2024
317,2024-02-11,0,0,595491,0,0,0,10696,0,2023-2024
318,2024-02-12,0,0,449597,1747506,0,0,9670,-2686,2023-2024
319,2024-02-13,0,0,443462,2584010,0,0,9942,-19008,2023-2024
320,2024-02-14,0,0,622229,7018,0,0,11340,-330,2023-2024
321,2024-02-15,0,0,584008,57461,0,0,9982,-1000,2023-2024
322,2024-02-16,0,0,533995,0,0,0,9259,0,2023-2024
323,2024-02-17,0,9320,511811,1230046,0,459,8869,-10026,2023-2024
324,2024-02-18,0,150314,1292398,489786,0,5528,20118,-1985,2023-2024
325,2024-02-19,0,145233,525662,2554621,0,11307,17201,-21512,2023-2024
326,2024-02-20,0,94083,367290,6091617,0,10435,11704,-50038,2023-2024
327,2024-02-21,0,60897,438464,5500833,0,5248,16639,-45911,2023-2024
328,2024-02-22,0,102228,648634,1602148,0,2917,16911,-10718,2023-2024
329,2024-02-23,0,0,1102301,0,0,0,16613,0,2023-2024
330,2024-02-24,0,0,155775,0,0,0,4955,0,2023-2024
331,2024-02-25,0,0,317968,93,0,0,6505,-7,2023-2024
332,2024-02-26,0,0,400758,1185705,0,0,9232,-25263,2023-2024
333,2024-02-27,0,0,60568,6140755,0,0,7209,-67776,2023-2024
334,2024-02-28,0,1873,55998,4819311,0,1820,7894,-55631,2023-2024
335,2024-02-29,0,18195,470243,6982494,0,2345,13697,-55484,2023-2024
336,2024-03-01,0,0,518799,40083,0,0,8878,-1100,2023-2024
337,2024-03-02,0,0,497572,153215,0,0,11641,-1734,2023-2024
338,2024-03-03,0,0,150581,754510,0,0,3199,-16583,2023-2024
339,2024-03-04,0,0,62009,2965222,0,0,4671,-45569,2023-2024
340,2024-03-05,0,0,79423,8959688,0,0,5473,-80709,2023-2024
341,2024-03-06,0,0,98571,3866133,0,0,2381,-44838,2023-2024
342,2024-03-07,0,0,332687,978230,0,0,4563,-6716,2023-2024
343,2024-03-08,0,0,1205399,3717911,0,0,25153,-30770,2023-2024
344,2024-03-09,0,0,1674805,4128897,0,0,32646,-31978,2023-2024
345,2024-03-10,0,0,1907717,3998781,0,0,28517,-38878,2023-2024
346,2024-03-11,0,0,441831,0,0,0,11223,0,2023-2024
347,2024-03-12,0,0,412415,1218442,0,0,12062,-9222,2023-2024
348,2024-03-13,0,0,569622,9324466,0,0,25094,-68214,2023-2024
349,2024-03-14,0,2621,1297851,1069619,0,178,22079,-6941,2023-2024
350,2024-03-15,0,0,1651395,704502,0,0,19922,-7376,2023-2024
351,2024-03-16,0,0,661131,2512637,0,0,16131,-22770,2023-2024
352,2024-03-17,0,0,1308236,543832,0,0,19509,-5815,2023-2024
353,2024-03-18,0,0,603833,4120638,0,0,16678,-31182,2023-2024
354,2024-03-19,0,0,317845,5326803,0,0,12589,-48021,2023-2024
355,2024-03-20,0,0,197014,1888656,0,0,5984,-28682,2023-2024
356,2024-03-21,0,77521,530513,10580857,0,3901,13345,-87703,2023-2024
357,2024-03-22,0,0,916937,11319288,0,0,25411,-87452,2023-2024
358,2024-03-23,0,0,1256100,7498442,0,0,41480,-63286,2023-2024
359,2024-03-24,0,112422,2386485,1610717,0,4436,33191,-13536,2023-2024
360,2024-03-25,0,0,782125,156173,0,0,11800,-3656,2023-2024
361,2024-03-26,0,0,575559,557944,0,0,11897,-5667,2023-2024
362,2024-03-27,0,0,618202,2309921,0,0,17924,-20765,2023-2024
363,2024-03-28,0,0,930826,3343333,0,0,23074,-28992,2023-2024
364,2024-03-29,0,0,1481953,257318,0,0,28750,-3604,2023-2024
365,2024-03-30,0,0,1208514,0,0,0,24016,0,2023-2024
366,2024-03-31,0,0,1907087,28124,0,0,37215,0,2023-2024
1,2024-04-01,0,0,1234302,320255,0,0,32046,-3480,2024-2025
2,2024-04-02,0,0,1064270,691960,0,0,15595,-7680,2024-2025
3,2024-04-03,0,0,1124459,2793646,0,0,19403,-25738,2024-2025
4,2024-04-04,0,0,672287,153564,0,0,12975,-341,2024-2025
5,2024-04-05,0,0,1520469,780514,0,0,23710,-4534,2024-2025
6,2024-04-06,0,56244,3560433,4850491,0,1566,47380,-32244,2024-2025
7,2024-04-07,0,459267,2896994,5331592,0,14358,38196,-49623,2024-2025
8,2024-04-08,0,0,641142,4146960,0,0,15224,-33545,2024-2025
9,2024-04-09,0,0,1744300,3557002,0,0,22524,-27982,2024-2025
10,2024-04-10,0,0,1136499,3259200,0,0,18456,-27082,2024-2025
11,2024-04-11,0,13609,1202804,6336142,0,1840,21734,-51308,2024-2025
12,2024-04-12,0,155148,947466,6662822,0,4411,19919,-55710,2024-2025
13,2024-04-13,0,89817,2713641,6697035,0,1997,36417,-60052,2024-2025
14,2024-04-14,0,0,3456757,7150655,0,0,50322,-54639,2024-2025
15,2024-04-15,0,0,1988749,6122694,0,0,36087,-45390,2024-2025
16,2024-04-16,0,0,454788,5896054,0,0,23268,-38625,2024-2025
17,2024-04-17,0,0,405309,2425559,0,0,16056,-19142,2024-2025
18,2024-04-18,0,0,1177634,4326744,0,0,21305,-37967,2024-2025
19,2024-04-19,0,0,1832077,5422692,0,0,30275,-42838,2024-2025
20,2024-04-20,0,0,1794482,0,0,0,29873,0,2024-2025
21,2024-04-21,0,0,2308552,9350,0,0,23329,170,2024-2025
22,2024-04-22,0,0,383748,1379791,0,0,6422,-14222,2024-2025
23,2024-04-23,0,0,166413,2130081,0,0,4934,-25135,2024-2025
24,2024-04-24,0,0,655452,380053,0,0,14853,-3913,2024-2025
25,2024-04-25,0,0,427788,505144,0,0,9657,-4407,2024-2025
26,2024-04-26,0,0,471500,0,0,0,6893,0,2024-2025
27,2024-04-27,0,0,941737,0,0,0,16729,0,2024-2025
28,2024-04-28,0,0,2083050,2346461,0,0,36839,-19069,2024-2025
29,2024-04-29,0,0,835951,8261301,0,0,26954,-63628,2024-2025
30,2024-04-30,0,0,885689,6784074,0,0,26869,-51493,2024-2025
31,2024-05-01,0,0,551921,389660,0,0,12835,-2701,2024-2025
32,2024-05-02,0,0,1274680,1794173,0,0,18738,-10336,2024-2025
33,2024-05-03,0,0,1331775,186979,0,0,17369,-4314,2024-2025
34,2024-05-04,0,0,1049218,37987,0,0,17007,1181,2024-2025
35,2024-05-05,0,0,516728,0,0,0,11975,0,2024-2025
36,2024-05-06,0,0,432741,0,0,0,6908,0,2024-2025
37,2024-05-07,0,0,531325,0,0,0,8752,0,2024-2025
38,2024-05-08,0,0,635829,1180026,0,0,8983,-9594,2024-2025
39,2024-05-09,0,0,373093,1617992,0,0,5881,-13275,2024-2025
40,2024-05-10,0,0,380430,323551,0,0,5367,-8398,2024-2025
41,2024-05-11,0,0,757849,3247976,0,0,20047,-34667,2024-2025
42,2024-05-12,0,97187,1165497,8105121,0,3298,39030,-51076,2024-2025
43,2024-05-13,0,16274,587030,4045757,0,1757,19594,-44165,2024-2025
44,2024-05-14,0,37110,415381,4470553,0,1466,13120,-49120,2024-2025
45,2024-05-15,0,0,425562,3047940,0,0,14647,-40302,2024-2025
46,2024-05-16,0,0,317109,1576529,0,0,6372,-22742,2024-2025
47,2024-05-17,0,0,405108,620487,0,0,6464,-12104,2024-2025
48,2024-05-18,0,0,557140,803294,0,0,11643,-13804,2024-2025
49,2024-05-19,0,13013,880035,460398,0,314,20709,-6029,2024-2025
50,2024-05-20,0,0,491629,111338,0,0,10480,-1296,2024-2025
51,2024-05-21,0,0,172605,11733,0,0,2727,-191,2024-2025
52,2024-05-22,0,23462,282994,3290612,0,2152,6995,-27072,2024-2025
53,2024-05-23,0,5141,356432,2778731,0,3485,13407,-19952,2024-2025
54,2024-05-24,0,0,274727,0,0,0,-840,0,2024-2025
55,2024-05-25,0,4902,1188025,608881,0,121,18192,-13927,2024-2025
56,2024-05-26,0,508053,1417091,1832854,0,15937,22656,-16761,2024-2025
57,2024-05-27,0,82351,868597,41515,0,2124,15153,-1642,2024-2025
58,2024-05-28,0,46491,386246,1034535,0,551,7145,-10195,2024-2025
59,2024-05-29,0,386591,247897,395592,0,7615,6693,-4424,2024-2025
60,2024-05-30,0,428806,600347,3706273,0,9095,8556,-34639,2024-2025
61,2024-05-31,0,535190,616679,986793,0,10316,8841,-22588,2024-2025
62,2024-06-01,0,816909,714946,1810485,0,27168,10843,-29873,2024-2025
63,2024-06-02,0,1172027,747204,3100119,0,22710,15004,-35025,2024-2025
64,2024-06-03,0,54670,267445,6992640,0,3736,7009,-50238,2024-2025
65,2024-06-04,0,132020,126404,9307810,0,7982,6388,-59491,2024-2025
66,2024-06-05,0,728098,579329,3933823,0,19918,13421,-33582,2024-2025
67,2024-06-06,0,172774,186263,1536712,0,3523,5152,-12326,2024-2025
68,2024-06-07,0,315600,191198,5421199,0,15807,8218,-43646,2024-2025
69,2024-06-08,0,612167,260496,9738418,0,45608,6845,-65302,2024-2025
70,2024-06-09,0,774196,753917,4463127,0,24310,15270,-27802,2024-2025
71,2024-06-10,0,615668,768768,6525668,0,10049,16731,-51818,2024-2025
72,2024-06-11,0,57055,379495,5203654,0,9212,15090,-45586,2024-2025
73,2024-06-12,0,0,545716,2182669,0,0,9989,-30989,2024-2025
74,2024-06-13,0,1820,286302,4882319,0,1024,8490,-43024,2024-2025
75,2024-06-14,0,49830,338264,4221950,0,4589,12117,-35127,2024-2025
76,2024-06-15,0,78973,749974,3958613,0,3558,18380,-29861,2024-2025
77,2024-06-16,0,1278592,2060705,1040820,0,12865,19813,-21514,2024-2025
78,2024-06-17,0,3706,617094,655709,0,128,12696,-7224,2024-2025
79,2024-06-18,0,0,658166,226327,0,0,9315,-2060,2024-2025
80,2024-06-19,0,0,709492,2941375,0,0,9793,-29449,2024-2025
81,2024-06-20,0,0,572060,1010948,0,0,11083,-14286,2024-2025
82,2024-06-21,0,9011,777299,1736277,0,206,17018,-23809,2024-2025
83,2024-06-22,0,358666,588736,1362545,0,10135,9714,-14587,2024-2025
84,2024-06-23,0,198872,688682,937377,0,4830,11336,-7776,2024-2025
85,2024-06-24,0,0,390471,620361,0,0,5446,-5129,2024-2025
86,2024-06-25,0,0,128305,227596,0,0,2020,-4124,2024-2025
87,2024-06-26,0,339,103099,1797294,0,173,2643,-15380,2024-2025
88,2024-06-27,0,11827,121218,11782669,0,14927,8210,-82595,2024-2025
89,2024-06-28,0,236750,323400,13383830,0,30297,13805,-85588,2024-2025
90,2024-06-29,0,88830,347801,4754704,0,14727,12795,-36164,2024-2025
91,2024-06-30,0,1003698,804748,1285244,0,23784,13307,-14192,2024-2025
92,2024-07-01,0,12551,250829,2691953,0,1416,12885,-26097,2024-2025
93,2024-07-02,0,237171,337151,587129,0,5508,7234,-3128,2024-2025
94,2024-07-03,0,152565,456685,6734965,0,7000,10431,-43067,2024-2025
95,2024-07-04,0,549129,314710,11410856,0,27504,8934,-72041,2024-2025
96,2024-07-05,0,1009307,624994,2981296,0,13300,7712,-28653,2024-2025
97,2024-07-06,0,1969684,933864,103369,0,32416,8716,-1915,2024-2025
98,2024-07-07,0,946002,584900,108024,0,19405,7774,-1353,2024-2025
99,2024-07-08,0,13934,196541,67595,0,345,3931,-857,2024-2025
100,2024-07-09,0,238573,294255,878595,0,6428,4611,-10057,2024-2025
101,2024-07-10,0,202363,212438,4658410,0,8598,5387,-40874,2024-2025
102,2024-07-11,0,0,79333,3607546,0,0,5129,-31166,2024-2025
103,2024-07-12,0,2644,319583,0,0,1116,5856,0,2024-2025
104,2024-07-13,0,340434,314648,692640,0,7431,6781,-6465,2024-2025
105,2024-07-14,0,371951,533394,1323884,0,9375,13915,-14619,2024-2025
106,2024-07-15,0,5158,246289,235581,0,220,3460,-2875,2024-2025
107,2024-07-16,0,2747,300155,332574,0,85,7818,-5220,2024-2025
108,2024-07-17,0,0,177112,287784,0,0,5380,-3314,2024-2025
109,2024-07-18,0,0,180937,1704335,0,0,4909,-24863,2024-2025
110,2024-07-19,0,0,191811,1762576,0,0,3748,-14890,2024-2025
111,2024-07-20,0,487,457970,257040,0,14,7882,-3046,2024-2025
112,2024-07-21,0,379885,696265,813403,0,7610,12157,-8739,2024-2025
113,2024-07-22,0,0,465977,729633,0,0,7808,-9847,2024-2025
114,2024-07-23,0,0,275094,46911,0,0,5544,-176,2024-2025
115,2024-07-24,0,1760,93387,1035865,0,448,2801,-13603,2024-2025
116,2024-07-25,0,108731,409335,555275,0,3839,8128,-4255,2024-2025
117,2024-07-26,0,80458,400214,92262,0,2240,6701,-1688,2024-2025
118,2024-07-27,0,0,149123,0,0,0,2305,0,2024-2025
119,2024-07-28,0,47881,347702,161745,0,1807,6196,-1418,2024-2025
120,2024-07-29,0,124003,405735,566123,0,3269,7327,-4132,2024-2025
121,2024-07-30,0,0,275248,1420513,0,0,5182,-17355,2024-2025
122,2024-07-31,0,0,181805,104362,0,0,3071,-67,2024-2025
123,2024-08-01,0,0,178170,246948,0,0,3278,-2493,2024-2025
124,2024-08-02,0,0,179271,1849407,0,0,4574,-19591,2024-2025
125,2024-08-03,0,0,677496,354018,0,0,12909,-3058,2024-2025
126,2024-08-04,0,176024,1103105,3191556,0,2123,17733,-25613,2024-2025
127,2024-08-05,0,448072,612013,4779359,0,23431,13733,-46219,2024-2025
128,2024-08-06,0,74641,651771,1977049,0,1645,11981,-24359,2024-2025
129,2024-08-07,0,600570,505259,7907754,0,11029,5747,-66420,2024-2025
130,2024-08-08,0,87269,147001,4178404,0,8823,7093,-37371,2024-2025
131,2024-08-09,0,300974,568923,8969173,0,9451,11318,-71349,2024-2025
132,2024-08-10,0,879998,593639,7382308,0,22084,15977,-75205,2024-2025
133,2024-08-11,0,24786,1092463,1950256,0,1079,26250,-23840,2024-2025
134,2024-08-12,0,142018,499256,7570193,0,5060,26321,-61505,2024-2025
135,2024-08-13,0,93401,317757,7375640,0,5816,16574,-63322,2024-2025
136,2024-08-14,0,0,247827,5681469,0,0,15085,-63602,2024-2025
137,2024-08-15,0,0,232691,8015342,0,0,18669,-69710,2024-2025
138,2024-08-16,0,0,81326,11237387,0,0,14791,-87547,2024-2025
139,2024-08-17,0,76192,226613,7276316,0,13244,16587,-58036,2024-2025
140,2024-08-18,0,422411,675401,6361537,0,14462,25910,-55986,2024-2025
141,2024-08-19,0,72250,398121,6702450,0,3686,11773,-50179,2024-2025
142,2024-08-20,0,213477,436159,7370704,0,10511,15857,-54103,2024-2025
143,2024-08-21,0,994195,823326,13521689,0,21367,18628,-99766,2024-2025
144,2024-08-22,0,585857,341684,13680382,0,19828,13636,-95717,2024-2025
145,2024-08-23,0,946708,1353341,3704373,0,14415,20296,-31027,2024-2025
146,2024-08-24,0,119293,549354,8346253,0,13657,17407,-54201,2024-2025
147,2024-08-25,0,705344,1137337,8579039,0,22570,26418,-60847,2024-2025
148,2024-08-26,0,283832,719039,4091412,0,8334,16038,-17823,2024-2025
149,2024-08-27,0,12672,252384,15518984,0,931,7696,-83557,2024-2025
150,2024-08-28,0,155851,377608,5349357,0,5143,9218,-43042,2024-2025
151,2024-08-29,0,0,240170,9239734,0,0,11516,-38263,2024-2025
152,2024-08-30,0,1577,162213,4028654,0,332,11751,-38355,2024-2025
153,2024-08-31,0,783401,1453821,1823025,0,21146,26441,-23209,2024-2025
154,2024-09-01,0,811803,1213396,4218849,0,16479,22669,-34419,2024-2025
155,2024-09-02,0,0,250602,1733133,0,0,8988,-5246,2024-2025
156,2024-09-03,0,0,116095,1322977,0,0,3632,-8023,2024-2025
157,2024-09-04,0,0,172619,331310,0,0,3228,-2763,2024-2025
158,2024-09-05,0,2798,649411,1731696,0,1055,16321,-14031,2024-2025
159,2024-09-06,0,146295,442172,1307872,0,6022,10834,-9844,2024-2025
160,2024-09-07,0,0,638703,170110,0,0,10461,-2427,2024-2025
161,2024-09-08,0,23304,665569,1213261,0,1362,14342,-11265,2024-2025
162,2024-09-09,0,340285,170565,2716674,0,8888,8153,-20649,2024-2025
163,2024-09-10,0,649677,292777,18925651,0,20392,12029,-111228,2024-2025
164,2024-09-11,0,666762,487967,8539860,0,15175,8890,-55469,2024-2025
165,2024-09-12,0,96442,90418,5607633,0,7540,5697,-40720,2024-2025
166,2024-09-13,0,43495,94972,1098316,0,2032,3565,-9276,2024-2025
167,2024-09-14,0,721076,655057,14420209,0,22714,19112,-108952,2024-2025
168,2024-09-15,0,467557,542813,4375981,0,16268,14367,-35918,2024-2025
169,2024-09-16,0,0,127721,445921,0,0,3494,-2165,2024-2025
170,2024-09-17,0,0,182832,538757,0,0,5088,-5174,2024-2025
171,2024-09-18,0,0,289748,122648,0,0,4753,-2838,2024-2025
172,2024-09-19,0,0,218231,135785,0,0,4397,573,2024-2025
173,2024-09-20,0,16768,227752,19196,0,634,5250,-738,2024-2025
174,2024-09-21,0,74770,345157,44788,0,2314,7331,-961,2024-2025
175,2024-09-22,0,0,348941,36847,0,0,7370,-777,2024-2025
176,2024-09-23,0,0,81752,37577,0,0,2057,-911,2024-2025
177,2024-09-24,0,0,105909,3004334,0,0,5565,-34056,2024-2025
178,2024-09-25,0,26315,330462,347424,0,1340,7657,-3352,2024-2025
179,2024-09-26,0,220517,579129,8042951,0,10377,13192,-65649,2024-2025
180,2024-09-27,0,447497,745365,7988388,0,9034,12773,-66098,2024-2025
181,2024-09-28,0,303007,652039,1084041,0,3830,8592,-12603,2024-2025
182,2024-09-29,0,49496,426500,1639215,0,1243,8711,-11248,2024-2025
183,2024-09-30,0,364457,771877,1215507,0,7022,10981,-10939,2024-2025
184,2024-10-01,0,421837,940260,929003,0,5549,12116,-1245,2024-2025
185,2024-10-02,0,189417,621037,396547,0,3011,9758,1358,2024-2025
186,2024-10-03,0,0,337707,941874,0,0,7556,-8545,2024-2025
187,2024-10-04,0,4554,216585,5973984,0,1078,7306,-41935,2024-2025
188,2024-10-05,0,221965,483705,3815013,0,7905,12382,-30575,2024-2025
189,2024-10-06,0,475777,562335,3032449,0,9116,11968,-26305,2024-2025
190,2024-10-07,0,171041,602925,1013392,0,3457,10751,-7858,2024-2025
191,2024-10-08,0,5702,465277,3021813,0,1156,8388,-25639,2024-2025
192,2024-10-09,0,1032911,216471,11453224,0,13143,13628,-82131,2024-2025
193,2024-10-10,0,48147,167690,3788409,0,6801,11475,-25623,2024-2025
194,2024-10-11,0,41840,166117,5578614,0,1804,8019,-29638,2024-2025
195,2024-10-12,0,197230,557682,7499947,0,8734,17954,-56159,2024-2025
196,2024-10-13,0,119391,452775,2457846,0,4386,12936,-18902,2024-2025
197,2024-10-14,0,0,209620,2011168,0,0,6870,-10357,2024-2025
198,2024-10-15,0,12422,330056,5338859,0,4814,9947,-39104,2024-2025
199,2024-10-16,0,183966,312913,6678442,0,10012,11314,-49032,2024-2025
200,2024-10-17,0,69914,399212,780055,0,928,9069,-4784,2024-2025
201,2024-10-18,0,6113,469049,9785992,0,1950,14536,-63330,2024-2025
202,2024-10-19,0,59129,325258,2217244,0,4719,10019,-18169,2024-2025
203,2024-10-20,0,33447,733655,19218236,0,5261,31062,-116457,2024-2025
204,2024-10-21,0,75002,238344,16352785,0,8336,16084,-78360,2024-2025
205,2024-10-22,0,708,0,12487242,0,146,0,-70410,2024-2025
206,2024-10-23,0,40,326565,13379917,0,557,14371,-81264,2024-2025
207,2024-10-24,0,0,267195,12485493,0,0,11839,-83386,2024-2025
208,2024-10-25,0,0,511475,467833,0,0,9147,-4558,2024-2025
209,2024-10-26,0,7038,212021,8751866,0,1736,8549,-59291,2024-2025
210,2024-10-27,0,254222,835320,8373956,0,9597,18654,-45360,2024-2025
211,2024-10-28,0,252220,967734,378868,0,4560,11864,-2315,2024-2025
212,2024-10-29,0,0,323009,2378081,0,0,8635,-24560,2024-2025
213,2024-10-30,0,0,263545,3976356,0,0,8686,-29734,2024-2025
214,2024-10-31,0,594,225334,14917139,0,1086,17285,-84226,2024-2025
215,2024-11-01,0,8261,227653,4353623,0,4166,12246,-34649,2024-2025
216,2024-11-02,0,0,233320,3906346,0,0,6419,-41250,2024-2025
217,2024-11-03,0,0,150456,549003,0,0,5323,-7464,2024-2025
218,2024-11-04,0,0,139252,0,0,0,2019,0,2024-2025
219,2024-11-05,0,0,126900,0,0,0,2008,0,2024-2025
220,2024-11-06,0,0,133891,1170655,0,0,2080,-9709,2024-2025
221,2024-11-07,0,0,16633,5692213,0,0,642,-49008,2024-2025
222,2024-11-08,0,0,65535,3499756,0,0,2159,-28082,2024-2025
223,2024-11-09,0,0,61664,1127769,0,0,2298,-15989,2024-2025
224,2024-11-10,0,819,170084,2961375,0,437,3705,-30173,2024-2025
225,2024-11-11,0,6219,124330,1562100,0,2287,5849,-12883,2024-2025
226,2024-11-12,0,0,203729,988467,0,0,4148,-9682,2024-2025
227,2024-11-13,0,0,78011,2423406,0,0,2460,-27471,2024-2025
228,2024-11-14,0,0,244092,2181103,0,0,6213,-20311,2024-2025
229,2024-11-15,0,2469,127593,13917911,0,1597,9930,-62871,2024-2025
230,2024-11-16,0,29492,421801,11248270,0,3232,17363,-76034,2024-2025
231,2024-11-17,0,322924,392140,6753859,0,13501,12082,-50482,2024-2025
232,2024-11-18,0,0,287280,3596401,0,0,12525,-31330,2024-2025
233,2024-11-19,0,10752,460656,6212411,0,2229,12548,-48750,2024-2025
234,2024-11-20,0,33873,140029,7260200,0,6236,13328,-51692,2024-2025
235,2024-11-21,0,0,69387,8770273,0,0,6938,-55407,2024-2025
236,2024-11-22,0,0,106361,690329,0,0,4622,-3646,2024-2025
237,2024-11-23,0,25826,755067,10950373,0,3745,18084,-67359,2024-2025
238,2024-11-24,0,92113,397964,20731766,0,11253,23941,-113595,2024-2025
239,2024-11-25,0,70199,237948,20357134,0,12268,14303,-112414,2024-2025
240,2024-11-26,0,24553,242396,3082867,0,4698,9218,-21851,2024-2025
241,2024-11-27,0,0,112337,42710,0,0,1353,984,2024-2025
242,2024-11-28,0,0,39952,4839392,0,0,1080,-22121,2024-2025
243,2024-11-29,0,17459,142196,7266903,0,3976,5063,-43931,2024-2025
244,2024-11-30,0,133613,207893,10295025,0,24853,10234,-66226,2024-2025
245,2024-12-01,0,181931,360135,7449027,0,21326,10977,-50583,2024-2025
246,2024-12-02,0,72854,237091,6208074,0,7017,10165,-42000,2024-2025
247,2024-12-03,0,0,151636,5021655,0,0,4137,-28459,2024-2025
248,2024-12-04,0,0,36144,10070778,0,0,3827,-58045,2024-2025
249,2024-12-05,0,1180,230066,6160557,0,441,10726,-44931,2024-2025
250,2024-12-06,0,24716,223317,7590380,0,6535,10345,-48159,2024-2025
251,2024-12-07,0,137979,479082,16229299,0,8666,16885,-99202,2024-2025
252,2024-12-08,0,124319,357478,10615249,0,11858,9973,-67801,2024-2025
253,2024-12-09,0,109517,615634,-739,0,1450,6897,-289,2024-2025
254,2024-12-10,0,0,264073,380119,0,0,3692,-2857,2024-2025
255,2024-12-11,0,0,0,0,0,0,0,0,2024-2025
256,2024-12-12,0,0,0,1126,0,0,0,27,2024-2025
257,2024-12-13,0,0,0,729727,0,0,0,-7613,2024-2025
258,2024-12-14,0,17443,54252,1301287,0,1731,1072,-12641,2024-2025
259,2024-12-15,0,21895,166475,13326965,0,9877,7377,-91413,2024-2025
260,2024-12-16,0,46451,96033,8283503,0,11368,3914,-59475,2024-2025
261,2024-12-17,0,32958,293782,7999555,0,1844,8180,-40131,2024-2025
262,2024-12-18,0,1175,92528,14284958,0,1683,6470,-99662,2024-2025
263,2024-12-19,0,84195,310672,6780171,0,7242,8615,-52148,2024-2025
264,2024-12-20,0,20915,157219,8699529,0,2517,7698,-66136,2024-2025
265,2024-12-21,0,82098,88251,20928335,0,28133,11169,-129588,2024-2025
266,2024-12-22,0,0,128952,16416765,0,0,9230,-77886,2024-2025
267,2024-12-23,0,122921,341774,2718165,0,5572,8326,-23220,2024-2025
268,2024-12-24,0,48361,134480,10952864,0,14465,5821,-82813,2024-2025
269,2024-12-25,0,22806,217092,12428479,0,22382,8528,-90086,2024-2025
270,2024-12-26,0,195264,478768,369348,0,4295,11177,-4024,2024-2025
271,2024-12-27,0,0,88765,0,0,0,3442,0,2024-2025
272,2024-12-28,0,0,201639,3457005,0,0,4647,-30811,2024-2025
273,2024-12-29,0,6775,115595,18351798,0,4350,20406,-110713,2024-2025
274,2024-12-30,0,44877,119158,7491586,0,7259,9855,-49056,2024-2025
275,2024-12-31,0,0,0,20163118,0,0,0,-106233,2024-2025
276,2025-01-01,0,1894,239034,7091840,0,372,17789,-51580,2024-2025
277,2025-01-02,0,6485,137380,4381559,0,2015,10270,-29857,2024-2025
278,2025-01-03,0,0,62505,3135501,0,0,4471,-25188,2024-2025
279,2025-01-04,0,2738,110875,27970,0,61,2462,-300,2024-2025
280,2025-01-05,0,198520,333306,0,0,6304,7553,0,2024-2025
281,2025-01-06,0,220058,141723,2321525,0,6907,6572,-16223,2024-2025
282,2025-01-07,0,22079,107897,5106767,0,4032,8399,-41466,2024-2025
283,2025-01-08,0,0,140231,6800318,0,0,4611,-11078,2024-2025
284,2025-01-09,0,0,0,1723874,0,0,0,-18208,2024-2025
285,2025-01-10,0,0,0,44840,0,0,0,-487,2024-2025
286,2025-01-11,0,0,0,8106,0,0,0,-19,2024-2025
287,2025-01-12,0,0,0,3816693,0,0,0,-27695,2024-2025
288,2025-01-13,0,0,76338,16433895,0,0,2531,-58134,2024-2025
289,2025-01-14,0,0,70411,7457737,0,0,1497,-62159,2024-2025
290,2025-01-15,0,0,0,10553036,0,0,0,-72566,2024-2025
291,2025-01-16,0,0,11882,10153765,0,0,241,-61497,2024-2025
292,2025-01-17,0,0,0,10770735,0,0,0,-74977,2024-2025
293,2025-01-18,0,0,0,4093019,0,0,0,-35994,2024-2025
294,2025-01-19,0,0,0,0,0,0,0,0,2024-2025
295,2025-01-20,0,0,0,0,0,0,0,0,2024-2025
296,2025-01-21,0,0,0,0,0,0,0,0,2024-2025
297,2025-01-22,0,0,0,0,0,0,0,0,2024-2025
298,2025-01-23,0,2088,10023,762072,0,890,630,-7084,2024-2025
299,2025-01-24,0,18986,38957,8514082,0,5478,7330,-54134,2024-2025
300,2025-01-25,0,14564,144669,6309424,0,1601,11895,-47083,2024-2025
301,2025-01-26,0,0,177609,3210078,0,210,9870,-25658,2024-2025
302,2025-01-27,0,107658,446006,391040,0,2352,9424,-1829,2024-2025
303,2025-01-28,0,14653,654112,379045,0,686,8624,-3687,2024-2025
304,2025-01-29,0,148535,370520,2171705,0,3152,7559,-14004,2024-2025
305,2025-01-30,0,0,240596,1622329,0,0,5230,-16890,2024-2025
306,2025-01-31,0,0,78677,0,0,0,4121,0,2024-2025
307,2025-02-01,0,0,209897,6487152,0,0,6036,-33504,2024-2025
308,2025-02-02,0,0,121089,4529248,0,0,5251,-31945,2024-2025
309,2025-02-03,0,0,18443,18232848,0,0,7164,-64575,2024-2025
310,2025-02-04,0,0,81520,15922021,0,0,8261,-76787,2024-2025
311,2025-02-05,0,0,52524,7743617,0,0,3931,-52204,2024-2025
312,2025-02-06,0,0,34484,2948185,0,0,3169,-22884,2024-2025
313,2025-02-07,0,7077,227923,721851,0,249,8195,-6997,2024-2025
314,2025-02-08,0,46758,162020,194081,0,1770,3875,-2059,2024-2025
315,2025-02-09,0,5197,25364,54506,0,365,1069,-431,2024-2025
316,2025-02-10,0,46541,193127,2931733,0,1276,4313,-21651,2024-2025
317,2025-02-11,0,0,1471,9266741,0,0,2906,-62150,2024-2025
318,2025-02-12,0,0,0,3701080,0,0,0,-30317,2024-2025
319,2025-02-13,0,0,0,617597,0,0,0,-209,2024-2025
320,2025-02-14,0,0,0,2310531,0,0,0,-18589,2024-2025
321,2025-02-15,0,0,1253,1040372,0,0,138,-11223,2024-2025
322,2025-02-16,0,0,14412,5439491,0,0,5319,-40101,2024-2025
323,2025-02-17,0,0,0,6282346,0,0,0,-41008,2024-2025
324,2025-02-18,0,0,30179,9775153,0,0,1996,-64274,2024-2025
325,2025-02-19,0,0,117586,13793448,0,0,8015,-72278,2024-2025
326,2025-02-20,0,0,29952,19525541,0,0,7742,-111141,2024-2025
327,2025-02-21,0,7876,14580,18359248,0,829,475,-91766,2024-2025
328,2025-02-22,0,13081,109630,15232314,0,5044,16043,-99906,2024-2025
329,2025-02-23,0,43328,169095,23747842,0,19153,9553,-120159,2024-2025
330,2025-02-24,0,0,102932,16010043,0,0,6971,-103288,2024-2025
331,2025-02-25,0,0,122545,8164536,0,0,7827,-62952,2024-2025
332,2025-02-26,0,0,61813,488512,0,0,2156,-6222,2024-2025
333,2025-02-27,0,0,130547,690284,0,0,4038,-7695,2024-2025
334,2025-02-28,0,0,28094,3011922,0,0,2943,-30819,2024-2025
335,2025-03-01,0,0,0,2933275,0,0,0,-26990,2024-2025
336,2025-03-02,0,0,105759,10012026,0,0,14016,-74855,2024-2025
337,2025-03-03,0,0,65430,8936677,0,0,6434,-67854,2024-2025
338,2025-03-04,0,3095,76757,16355835,0,1788,11822,-82028,2024-2025
339,2025-03-05,0,2618,139213,18262102,0,4328,12980,-114050,2024-2025
340,2025-03-06,0,-822,36919,9557463,0,5209,7987,-74791,2024-2025
341,2025-03-07,0,5716,162713,1764996,0,963,7358,-16356,2024-2025
342,2025-03-08,0,1973,571081,21951,0,274,12394,878,2024-2025
343,2025-03-09,0,0,945677,479802,0,0,14708,-5817,2024-2025
344,2025-03-10,0,0,67426,10220289,0,0,7981,-88416,2024-2025
345,2025-03-11,0,0,325605,8637797,0,0,7803,-79212,2024-2025
346,2025-03-12,0,0,101792,10887487,0,0,5547,-90958,2024-2025
347,2025-03-13,0,0,58383,1682709,0,0,1560,-18148,2024-2025
348,2025-03-14,0,0,34173,1044760,0,0,491,-11245,2024-2025
349,2025-03-15,0,0,142117,217540,0,0,2344,-1623,2024-2025
350,2025-03-16,0,0,166573,6516,0,0,2940,-461,2024-2025
351,2025-03-17,0,0,71518,0,0,0,5680,0,2024-2025
352,2025-03-18,0,0,179217,207065,0,0,4306,-3385,2024-2025
353,2025-03-19,0,0,84754,64383,0,0,1842,-469,2024-2025
354,2025-03-20,0,9489,94241,577209,0,894,3624,-6093,2024-2025
355,2025-03-21,0,329346,664826,8731108,0,18483,18354,-63052,2024-2025
356,2025-03-22,0,248642,601215,4559488,0,9295,18155,-32826,2024-2025
357,2025-03-23,0,294740,581839,0,0,6075,8175,0,2024-2025
358,2025-03-24,0,0,0,5546873,0,0,0,-45364,2024-2025
359,2025-03-25,0,0,0,2922157,0,0,0,-26162,2024-2025
360,2025-03-26,0,0,10660,5319653,0,0,1552,-46137,2024-2025
361,2025-03-27,0,12088,89547,9946320,0,2771,5078,-74961,2024-2025
362,2025-03-28,0,48407,133674,15992015,0,15544,7334,-109052,2024-2025
363,2025-03-29,0,139929,1054200,11690361,0,4230,29190,-82943,2024-2025
364,2025-03-30,0,485296,1198629,6417194,0,17503,18645,-56100,2024-2025
365,2025-03-31,0,0,71216,2683111,0,0,3742,-26995,2024-2025
1,2025-04-01,0,35991,214208,3535292,0,3484,7023,-28456,2025-2026
2,2025-04-02,0,234335,736673,3578377,0,7935,17163,-20493,2025-2026
3,2025-04-03,0,347200,1100956,570754,0,7090,18810,-5977,2025-2026
4,2025-04-04,0,164056,427525,3180086,0,5152,16006,-23254,2025-2026
5,2025-04-05,0,505352,3161639,24692,0,7328,27619,-404,2025-2026
6,2025-04-06,0,434076,2681968,0,0,7323,22478,0,2025-2026
7,2025-04-07,0,0,0,6528,0,0,0,-178,2025-2026
8,2025-04-09,0,0,37506,23368,0,0,2708,-269,2025-2026
9,2025-04-10,0,0,194946,1562478,0,0,4042,-15174,2025-2026
10,2025-04-11,0,0,58903,3829042,0,0,2758,-32800,2025-2026
11,2025-04-12,0,238270,608888,391522,0,5170,12251,-3519,2025-2026
12,2025-04-13,0,490357,1067299,251921,0,14015,18742,-873,2025-2026
13,2025-04-14,0,0,351687,3171353,0,0,13249,-27518,2025-2026
14,2025-04-15,0,0,267237,149777,0,663,5481,-575,2025-2026
15,2025-04-16,0,126996,174431,5825414,0,8822,5604,-44547,2025-2026
16,2025-04-17,0,0,10726,224317,0,0,1286,-1886,2025-2026
17,2025-04-18,0,58872,219025,51575,0,4264,7826,-857,2025-2026
18,2025-04-19,0,1257154,1097827,35235,0,22246,10017,-188,2025-2026
19,2025-04-20,0,0,2065550,81859,0,0,7853,-1339,2025-2026
20,2025-04-21,0,0,412839,1682059,0,0,5776,-24907,2025-2026
21,2025-04-22,0,0,50496,736307,0,0,600,-14036,2025-2026
22,2025-04-23,0,0,76842,136501,0,0,-2846,-2843,2025-2026
23,2025-04-24,0,0,97736,1329741,0,0,-2557,-20291,2025-2026
24,2025-04-25,0,0,27207,3514998,0,0,589,-30641,2025-2026
25,2025-04-26,0,25835,294320,1205012,0,665,6443,-12043,2025-2026
26,2025-04-27,0,512845,954646,7085043,0,21766,21318,-51255,2025-2026
27,2025-04-28,0,517,148410,3536005,0,1367,5028,-29014,2025-2026
28,2025-04-29,0,0,581061,603594,0,0,6953,-8345,2025-2026
29,2025-04-30,0,0,513670,1404484,0,0,9005,-15669,2025-2026
30,2025-05-01,0,0,634171,4317088,0,0,15443,-39836,2025-2026
31,2025-05-02,0,3744,339658,5086013,0,428,13183,-47174,2025-2026
32,2025-05-03,0,813096,630815,8490176,0,34217,23625,-64790,2025-2026
33,2025-05-04,0,693109,1200322,4256153,0,21336,27092,-25948,2025-2026
34,2025-05-05,0,131254,818612,391176,0,4722,16915,2943,2025-2026
35,2025-05-06,0,0,619398,202548,0,0,1553,3664,2025-2026
36,2025-05-07,0,0,266269,85709,0,0,-2649,-1998,2025-2026
37,2025-05-08,0,0,308618,123919,0,0,3259,-1538,2025-2026
38,2025-05-09,0,0,184819,510535,0,0,2209,-4777,2025-2026
39,2025-05-10,0,490907,1837466,522596,0,6529,27512,-3041,2025-2026
40,2025-05-11,0,1236715,2215004,683740,0,18502,26636,-4039,2025-2026
41,2025-05-12,0,157957,553787,141519,0,6589,13547,-1908,2025-2026
42,2025-05-13,0,252694,941300,509501,0,5340,15245,-4348,2025-2026
43,2025-05-14,0,129620,1322577,982209,0,3655,12054,-12268,2025-2026
44,2025-05-15,0,937,1794747,677669,0,695,5162,-5399,2025-2026
45,2025-05-16,0,186727,1620688,604048,0,3409,8092,-4174,2025-2026
46,2025-05-17,0,147813,1122411,1064764,0,6991,22811,-9311,2025-2026
47,2025-05-18,0,244939,528839,3728763,0,13421,17852,-32821,2025-2026
48,2025-05-19,0,0,1016425,153637,0,0,754,-1529,2025-2026
49,2025-05-20,0,0,1504671,157108,0,0,-11476,2285,2025-2026
50,2025-05-21,0,7780,1503831,560813,0,1760,-6588,-4005,2025-2026
51,2025-05-22,0,73883,1590039,1331890,0,6067,-7284,-7002,2025-2026
52,2025-05-23,0,14681,1895945,365285,0,376,-928,-261,2025-2026
53,2025-05-24,0,559180,2352975,3247870,0,21880,13966,-13285,2025-2026
54,2025-05-25,0,645519,3007358,10799712,0,23565,42817,-70926,2025-2026
55,2025-05-26,0,474276,1015077,12262919,0,19330,24058,-79039,2025-2026
56,2025-05-27,0,402727,1428465,7924215,0,14277,-301,-52292,2025-2026
57,2025-05-28,0,126568,1445829,3001859,0,7576,-821,-17059,2025-2026
58,2025-05-29,0,775385,1070516,6535288,0,31556,4332,-42062,2025-2026
59,2025-05-30,0,861574,2212095,26144,0,18946,-403,-329,2025-2026
60,2025-05-31,0,321970,1883658,6646326,0,11694,6455,-45985,2025-2026
61,2025-06-01,0,1295409,2576007,6255974,0,25372,8783,-56446,2025-2026
62,2025-06-02,0,41660,1110763,11614312,0,9461,5561,-81288,2025-2026
63,2025-06-03,0,223115,587401,15189974,0,10417,8611,-109943,2025-2026
64,2025-06-04,0,21964,628570,15917029,0,2222,-2155,-107839,2025-2026
65,2025-06-05,0,66130,1617856,5764329,0,9353,-6047,-39738,2025-2026
66,2025-06-06,0,94471,1905020,312945,0,4583,-6403,-3779,2025-2026
67,2025-06-07,0,6577,2075967,117919,0,1218,-4560,-1483,2025-2026
68,2025-06-08,0,1016390,3207143,12554,0,19883,8046,-185,2025-2026
69,2025-06-09,0,168795,1895412,352306,0,6788,1182,-2204,2025-2026
70,2025-06-10,0,274364,1716435,51637,0,7949,-3057,-440,2025-2026
71,2025-06-11,0,166,1336325,1824803,0,417,-5923,-12445,2025-2026
72,2025-06-12,0,261970,1362227,13641119,0,18023,-3057,-91303,2025-2026
73,2025-06-13,0,1127,966442,11697309,0,147,681,-82579,2025-2026
74,2025-06-14,0,196772,2902645,529839,0,6924,17624,-6445,2025-2026
75,2025-06-15,0,506589,3484546,4502145,0,12396,19499,-26174,2025-2026
76,2025-06-16,0,64244,1470129,6204220,0,3951,2956,-39153,2025-2026
77,2025-06-17,0,120819,952078,7608640,0,6246,2685,-49649,2025-2026
78,2025-06-18,0,0,891065,3784526,0,0,-6150,-23839,2025-2026
79,2025-06-19,0,0,1164333,462441,0,0,-2292,-3206,2025-2026
80,2025-06-20,0,0,367742,585707,0,0,2530,-4280,2025-2026
81,2025-06-21,0,430093,650445,3640353,0,20091,8892,-22932,2025-2026
82,2025-06-22,0,2035285,2065839,5715414,0,23501,16110,-50791,2025-2026
83,2025-06-23,0,484933,97369,14332974,0,27547,10684,-97021,2025-2026
84,2025-06-24,0,596153,387967,3344017,0,21410,6929,-19617,2025-2026
85,2025-06-25,0,0,229360,2130107,0,0,4500,-5281,2025-2026
86,2025-06-26,0,0,514639,5131483,0,0,11146,-44309,2025-2026
87,2025-06-27,0,17928,325974,14655664,0,3711,7426,-62508,2025-2026
88,2025-06-28,0,5871,372756,15498648,0,392,16213,-88068,2025-2026
89,2025-06-29,0,429537,392698,7395366,0,15022,11237,-48021,2025-2026
90,2025-06-30,0,0,364571,12528937,0,0,2318,-16409,2025-2026
91,2025-07-01,0,0,206037,2936673,0,0,3589,5039,2025-2026
92,2025-07-02,0,14332,212517,104275,0,1192,2781,1312,2025-2026
93,2025-07-03,0,32149,334287,6225043,0,2493,10295,-25709,2025-2026
94,2025-07-04,0,56721,207036,19449123,0,2109,9774,-110726,2025-2026
95,2025-07-05,0,642552,286815,11182526,0,20061,5590,-69510,2025-2026
96,2025-07-06,0,652463,597678,793637,0,15443,5894,-5915,2025-2026
97,2025-07-07,0,291801,610514,7735653,0,10282,11634,-52434,2025-2026
98,2025-07-08,0,72785,443535,1652381,0,6516,7259,-8302,2025-2026
99,2025-07-09,0,0,210802,912940,0,0,2358,-7884,2025-2026
100,2025-07-10,0,0,96954,3328789,0,0,1420,-31628,2025-2026
101,2025-07-11,0,0,66458,1345911,0,0,2160,-13091,2025-2026
102,2025-07-12,0,40538,382336,575353,0,-84,10402,-4176,2025-2026
103,2025-07-13,0,158687,417482,733250,0,4428,5816,-6167,2025-2026
104,2025-07-14,0,951,289844,5518588,0,115,7850,-39344,2025-2026
105,2025-07-15,0,62461,613351,1528842,0,2338,15709,-16150,2025-2026
106,2025-07-16,0,0,333465,662173,0,0,5638,-4345,2025-2026
107,2025-07-17,0,0,88327,2524705,0,0,4127,-19840,2025-2026
108,2025-07-18,0,0,46400,2122645,0,0,2307,-21037,2025-2026
109,2025-07-19,0,0,117725,2239275,0,0,3293,-17616,2025-2026
110,2025-07-20,0,102998,1039613,2625901,0,7969,14515,-18994,2025-2026
111,2025-07-21,0,0,475965,1462192,0,0,10366,-16452,2025-2026
112,2025-07-22,0,0,78032,1145460,0,0,2531,-13005,2025-2026
113,2025-07-23,0,0,218382,94478,0,0,2309,-1386,2025-2026
114,2025-07-24,0,0,189430,232485,0,0,1974,574,2025-2026
115,2025-07-25,0,16170,100228,1086561,0,27,2511,-13747,2025-2026
116,2025-07-26,0,0,328846,1033592,0,0,4964,-16812,2025-2026
117,2025-07-27,0,133709,594578,7473882,0,18989,25260,-58243,2025-2026
118,2025-07-28,0,0,660203,993114,0,0,9421,-11137,2025-2026
119,2025-07-29,0,0,491703,226991,0,0,4535,-1335,2025-2026
120,2025-07-30,0,0,559431,267468,0,0,4511,-3330,2025-2026
121,2025-07-31,0,4497,666199,3948198,0,705,8186,-39222,2025-2026
122,2025-08-01,0,111064,334941,4115307,0,11744,12738,-38573,2025-2026
123,2025-08-02,0,1068398,1244848,418720,0,18942,14306,-6728,2025-2026
124,2025-08-03,0,1780077,2420014,1447015,0,21765,19973,-19499,2025-2026
125,2025-08-04,0,467453,1026399,14358579,0,13267,22202,-94710,2025-2026
126,2025-08-05,0,642941,397841,18350279,0,28737,21299,-105473,2025-2026
127,2025-08-06,0,47122,95345,11035183,0,24745,13854,-68627,2025-2026
128,2025-08-07,0,58915,345404,15300629,0,24848,14237,-102870,2025-2026
129,2025-08-08,0,15725,134131,17478276,0,19918,18133,-104373,2025-2026
130,2025-08-09,0,486938,575313,15525055,0,51106,15485,-105847,2025-2026
131,2025-08-10,0,857603,680641,5040686,0,29147,15560,-46445,2025-2026
132,2025-08-11,0,0,146461,3767857,0,0,6904,-25383,2025-2026
133,2025-08-12,0,0,160007,1641602,0,0,5130,-4464,2025-2026
134,2025-08-13,0,0,134009,909012,0,0,3928,-1442,2025-2026
135,2025-08-14,0,0,83190,1247662,0,0,2018,-8639,2025-2026
136,2025-08-15,0,0,12539,2010211,0,0,272,-27760,2025-2026
137,2025-08-16,0,7160,96382,380928,0,796,7230,-10678,2025-2026
138,2025-08-17,0,549973,765255,239434,0,11851,13254,-8300,2025-2026
139,2025-08-18,0,516,41825,310585,0,64,615,-114,2025-2026
140,2025-08-19,0,0,181992,474093,0,0,6969,-6983,2025-2026
141,2025-08-20,0,0,593573,2909924,0,0,9230,-32429,2025-2026
142,2025-08-21,0,0,186264,726413,0,0,6521,-5629,2025-2026
143,2025-08-22,0,0,168791,15692,0,0,4320,569,2025-2026
144,2025-08-23,0,0,369194,0,0,0,8693,0,2025-2026
145,2025-08-24,0,0,594413,0,0,0,9853,0,2025-2026
146,2025-08-25,0,136955,984910,4783489,0,10158,21141,-20553,2025-2026
147,2025-08-26,0,58606,418414,2824536,0,8619,17402,-16746,2025-2026
148,2025-08-27,0,0,93661,1931816,0,0,3091,-13917,2025-2026
149,2025-08-28,0,0,111640,3629251,0,0,6003,-25806,2025-2026
150,2025-08-29,0,0,857352,889224,0,0,14859,-8828,2025-2026
151,2025-08-30,0,631263,1967382,4341694,0,10028,23306,-35610,2025-2026
152,2025-08-31,0,393479,536362,12604755,0,28085,16211,-78644,2025-2026
153,2025-09-01,0,37903,239933,12386720,0,17200,11399,-80458,2025-2026
154,2025-09-02,0,5375,116229,3538087,0,4401,10800,-27915,2025-2026
155,2025-09-03,0,6814,514447,2479564,0,604,13216,-19697,2025-2026
156,2025-09-04,0,266362,975254,887339,0,3576,10415,-11508,2025-2026
157,2025-09-05,0,0,96195,115052,0,0,1410,-305,2025-2026
158,2025-09-06,0,667070,921027,4366046,0,19091,15341,-26396,2025-2026
159,2025-09-07,0,196610,689757,12553545,0,22683,24447,-85423,2025-2026
160,2025-09-08,0,35711,237986,1407304,0,3294,9646,-2103,2025-2026
161,2025-09-09,0,1070,37797,3689212,0,642,3844,-26290,2025-2026
162,2025-09-10,0,60076,277612,11462046,0,5525,8929,-69647,2025-2026
163,2025-09-11,0,181617,459072,11880260,0,9991,12366,-78874,2025-2026
164,2025-09-12,0,191242,261841,11844945,0,12353,13210,-80972,2025-2026
165,2025-09-13,0,1667716,2122825,1068141,0,23792,18039,-14322,2025-2026
166,2025-09-14,0,10485,1471276,4999372,0,1800,23721,-37256,2025-2026
167,2025-09-15,0,619896,1991596,8753826,0,15910,23861,-64886,2025-2026
168,2025-09-16,0,254675,803737,11553611,0,26209,23175,-69313,2025-2026
169,2025-09-17,0,197373,952337,9186276,0,8640,14406,-63708,2025-2026
170,2025-09-18,0,153745,599824,17241054,0,20346,13363,-105243,2025-2026
171,2025-09-19,0,75214,331006,9530722,0,6493,11393,-67507,2025-2026
172,2025-09-20,0,56667,121895,14220515,0,3113,17374,-102093,2025-2026
173,2025-09-21,0,194379,399839,11031471,0,16626,23877,-71377,2025-2026
174,2025-09-22,0,155839,667006,4441346,0,4383,13383,-33381,2025-2026
175,2025-09-23,0,0,277548,192611,0,0,4689,3666,2025-2026
176,2025-09-24,0,0,169286,312793,0,0,4619,-1175,2025-2026
177,2025-09-25,0,3380,131208,2517854,0,2533,5510,-16014,2025-2026
178,2025-09-26,0,3962,253920,10953033,0,6679,9254,-76098,2025-2026
179,2025-09-27,0,781,376642,9961799,0,3926,10063,-72757,2025-2026
180,2025-09-28,0,0,494964,490239,0,0,9464,-6163,2025-2026
181,2025-09-29,0,0,131611,229214,0,0,2250,-314,2025-2026
182,2025-09-30,0,0,13703,2025374,0,0,267,-11797,2025-2026
183,2025-10-01,0,624,89315,9444615,0,1482,4306,-68881,2025-2026
184,2025-10-02,0,28896,400556,11009688,0,12427,16383,-77886,2025-2026
185,2025-10-03,0,301322,650044,11649028,0,17669,12997,-80492,2025-2026
186,2025-10-04,0,941879,1724667,12942480,0,37356,32068,-97673,2025-2026
187,2025-10-05,0,645647,1306912,10987282,0,32079,31610,-81828,2025-2026
188,2025-10-06,0,70574,597689,15585831,0,10167,14050,-102811,2025-2026
189,2025-10-07,0,7286,77117,10536859,0,2238,8025,-71760,2025-2026
190,2025-10-08,0,69,60060,13312491,0,856,2169,-88260,2025-2026
191,2025-10-09,0,-4906,90151,17239300,0,18843,14203,-112791,2025-2026
192,2025-10-10,0,0,96099,11277320,0,0,7730,-80890,2025-2026
193,2025-10-11,0,0,205785,2432769,0,0,7697,-16564,2025-2026
194,2025-10-12,0,0,150329,149751,0,0,5953,-445,2025-2026
195,2025-10-13,0,0,61287,2204,0,0,2243,202,2025-2026
196,2025-10-14,0,0,222718,8331,0,0,4466,122,2025-2026
197,2025-10-15,0,0,329997,3787,0,0,4585,-117,2025-2026
198,2025-10-16,0,0,340857,113159,0,0,4863,-2210,2025-2026
199,2025-10-17,0,0,300624,98862,0,0,3347,-1695,2025-2026
200,2025-10-18,0,59871,843089,1314288,0,1899,12594,-14224,2025-2026
201,2025-10-19,0,88831,1027325,11052228,0,5014,21213,-64800,2025-2026
202,2025-10-20,0,0,622040,3895682,0,0,15315,-28913,2025-2026
203,2025-10-21,0,0,726518,2543716,0,0,13066,-13917,2025-2026
204,2025-10-22,0,49,310329,7778391,0,360,9948,-56236,2025-2026
205,2025-10-23,0,93412,657515,402190,0,1440,10803,-1368,2025-2026
206,2025-10-24,0,61499,357001,12222200,0,3927,13385,-78342,2025-2026
207,2025-10-25,0,71054,914463,15254225,0,4904,25946,-96863,2025-2026
208,2025-10-26,0,463811,892705,5793966,0,18212,18635,-37753,2025-2026
209,2025-10-27,0,137653,1176982,3812791,0,3115,14448,-26460,2025-2026
210,2025-10-28,0,0,730118,2402190,0,0,15033,-3941,2025-2026
211,2025-10-29,0,0,657470,2922333,0,0,17830,-24451,2025-2026
212,2025-10-30,0,0,1021334,7751142,0,0,19520,-55176,2025-2026
213,2025-10-31,0,0,718346,16494034,0,0,23905,-100466,2025-2026
214,2025-11-01,0,225582,948135,9852423,0,12233,25491,-65645,2025-2026
215,2025-11-02,0,0,810696,13335031,0,0,32347,-83672,2025-2026
216,2025-11-03,0,0,906341,18199955,0,0,27357,-117786,2025-2026
217,2025-11-04,0,0,426217,10017419,0,0,26287,-58555,2025-2026
218,2025-11-05,0,0,821179,260537,0,0,16726,-1018,2025-2026
219,2025-11-06,0,0,847111,709194,0,0,13534,-8215,2025-2026
220,2025-11-07,0,0,509665,329886,0,0,10208,-4000,2025-2026
221,2025-11-08,0,0,819434,442780,0,0,13786,-4484,2025-2026
222,2025-11-09,0,0,1061417,2532463,0,0,15491,-24578,2025-2026
223,2025-11-10,0,7605,1148791,1539889,0,455,17617,-19493,2025-2026
224,2025-11-11,0,0,1253000,472644,0,0,17804,-4344,2025-2026
225,2025-11-12,0,1492,1782353,4317902,0,114,17445,-35889,2025-2026
226,2025-11-13,0,0,505127,8761563,0,0,17894,-61690,2025-2026
227,2025-11-14,0,0,1051588,5120838,0,0,22111,-41397,2025-2026
228,2025-11-15,0,0,660862,2205436,0,0,17160,-16623,2025-2026
229,2025-11-16,0,-192,822665,3901199,0,683,15173,-33728,2025-2026
230,2025-11-17,0,-534,292655,2543601,0,3462,8066,-14775,2025-2026
231,2025-11-18,0,0,286403,5039724,0,0,7897,-31205,2025-2026
232,2025-11-19,0,0,328431,8908981,0,0,11496,-64694,2025-2026
233,2025-11-20,0,0,40868,9280862,0,0,4966,-51573,2025-2026
234,2025-11-21,0,0,725150,12494148,0,317,5281,-44219,2025-2026
235,2025-11-22,0,1888,103127,343023,0,281,3144,6302,2025-2026
236,2025-11-23,0,11526,901665,1733410,0,1648,18403,-13961,2025-2026
237,2025-11-24,0,0,12342,5864659,0,0,4397,-42783,2025-2026
238,2025-11-25,0,0,167679,244914,0,0,5534,-1829,2025-2026
239,2025-11-26,0,0,110569,9128183,0,0,2995,-68178,2025-2026
240,2025-11-27,0,0,290309,16933869,0,0,12411,-118045,2025-2026
241,2025-11-28,0,68,192927,17922036,0,140,10102,-127582,2025-2026
242,2025-11-29,0,34137,358512,2122971,0,2072,9438,-18385,2025-2026
243,2025-11-30,0,15446,167116,3171306,0,3809,10692,-23198,2025-2026
244,2025-12-01,0,118306,121182,3913578,0,7841,6612,-29295,2025-2026
245,2025-12-02,0,64245,377298,4607062,0,3748,6815,-36324,2025-2026
246,2025-12-03,0,0,42153,7029571,0,0,1727,-63330,2025-2026
247,2025-12-04,0,0,222574,5520682,0,0,6422,-61338,2025-2026
248,2025-12-05,0,0,43235,7863215,0,0,3376,-78681,2025-2026
249,2025-12-06,0,0,221976,4061087,0,0,6904,-31607,2025-2026
250,2025-12-07,0,58132,819181,365364,0,1073,11627,-3727,2025-2026
251,2025-12-08,0,11917,463730,218488,0,785,12378,-1465,2025-2026
252,2025-12-09,0,881,613095,7337130,0,1050,13019,-58579,2025-2026
253,2025-12-10,0,23226,239157,14757375,0,6584,10142,-111477,2025-2026
254,2025-12-11,0,73,182113,12086603,0,282,8412,-95584,2025-2026
255,2025-12-12,0,0,83834,4263540,0,0,4399,-43670,2025-2026
256,2025-12-13,0,0,183044,15666702,0,0,9254,-116571,2025-2026
257,2025-12-14,0,0,103432,14293851,0,0,13099,-106893,2025-2026
258,2025-12-15,0,0,186994,1305178,0,0,7456,10240,2025-2026
259,2025-12-16,0,0,117240,1613802,0,0,3720,-16873,2025-2026
260,2025-12-17,0,0,174407,10408793,0,0,6165,-73719,2025-2026
261,2025-12-18,0,0,118555,9564724,0,0,8394,-86867,2025-2026
262,2025-12-19,0,0,20206,17305734,0,0,7413,-133414,2025-2026
263,2025-12-20,0,0,45252,2417244,0,0,5479,-24171,2025-2026
264,2025-12-21,0,29207,228982,3454020,0,2903,9430,-29485,2025-2026
265,2025-12-22,0,282176,612342,2738464,0,7135,9412,-26799,2025-2026
266,2025-12-23,0,72311,305742,6673,0,1977,4697,-276,2025-2026
267,2025-12-24,0,15692,474663,184687,0,3399,12570,-3750,2025-2026
268,2025-12-25,0,2894,1190698,136974,0,415,27183,-3400,2025-2026
269,2025-12-26,0,0,578062,0,0,0,13207,0,2025-2026
270,2025-12-27,0,0,866472,0,0,0,11794,0,2025-2026
271,2025-12-28,0,0,667296,0,0,0,9923,0,2025-2026
272,2025-12-29,0,0,175414,0,0,0,7046,0,2025-2026
273,2025-12-30,0,0,375386,653,0,52,8807,-59,2025-2026
274,2025-12-31,0,0,128075,11327636,0,0,7376,-80549,2025-2026
